Workbook

Sheet Resumen
B1: Paso 1.3 · Llamadita y facilidades de pago
B2: ISO + Calidad, Core Tools Premium y Manufactura y Calidad · leads del 5/10/2026 al corte del 27/10/2026 15:00 (hora de Reynosa) · lectura del CRM sin cambios
B5: LO QUE SE ENCONTRÓ
B6: ¿Se hace el paso a 1.3? | C6: ="Sí, en la mayoría de los casos, pero no siempre. De "&TEXT(C23,"#,##0")&" leads que contestaron el área a tiempo, "&TEXT(C25,"#,##0")&" recibieron audio y "&TEXT(C26,"#,##0")&" ("&TEXT(C27,"0%")&") fueron movidos a mano a 1.3."
B7: El detalle | C7: ="Joceline (auxiliar) atendió "&TEXT('Quién lo usa'!C10,"#,##0")&" de esas respuestas y mandó el audio en el "&TEXT('Quién lo usa'!G10,"0%")&", pero solo el "&TEXT('Quién lo usa'!H10,"0%")&" llegó a 1.3, porque otra persona lo movió después. Salma, Ana Victoria y José los mueven entre el "&TEXT(MIN('Quién lo usa'!H7,'Quién lo usa'!H8,'Quién lo usa'!H9),"0%")&" y el "&TEXT(MAX('Quién lo usa'!H7,'Quién lo usa'!H8,'Quién lo usa'!H9),"0%")&"."
B8: Qué les pasa a los que no se mueven | C8: =TEXT(C30,"#,##0")&" leads contestaron a tiempo, no pasaron a 1.3 y a las 2 h el bot les mandó el Negativo. Con 7 días o más, compraron "&TEXT('Funciona 1.3'!F62,"#,##0")&" de "&TEXT('Funciona 1.3'!C62,"#,##0")&" ("&TEXT('Funciona 1.3'!G62,"0.0%")&"), contra "&TEXT('Funciona 1.3'!G60,"0.0%")&" de los movidos a 1.3. Son pocos casos: es una referencia, no un efecto demostrado."
B9: Velocidad | C9: ="Cuando se hace, se hace rápido: la mediana es de "&TEXT(C31,"0")&" minutos entre la respuesta del cliente y el paso a 1.3. Todos los movimientos a 1.3 son manuales."
B10: ¿Funciona 1.3? | C10: ="Sí, cuando el cliente contesta. Respondió en "&TEXT(IF(C32=0,0,C33/C32),"0%")&" de las "&TEXT(C32,"#,##0")&" entradas; de esos, el "&TEXT('Funciona 1.3'!E49,"0%")&" llegó a 1.4 o más, contra el "&TEXT('Funciona 1.3'!E50,"0%")&" de los que no contestaron. A la llamadita responde el "&TEXT(C34,"0%")&" en 30 min y a facilidades de pago el "&TEXT(C35,"0%")&"."
B11: La falla dentro de 1.3 | C11: ="En "&TEXT(C40,"#,##0")&" entradas el cliente respondió en 1.3 (con un sí, una pregunta de costo o pidiendo la llamada más tarde) y a las 4 h el bot lo mandó al Negativo porque nadie lo pasó a 1.4. El bot de 1.3 no se detiene cuando el cliente contesta."
B12: La llamadita | C12: ="Casi nunca se agenda: solo "&TEXT(C41,"#,##0")&" de "&TEXT(C32,"#,##0")&" entradas a 1.3 tuvieron una tarea de llamada."
B14: QUÉ CONVIENE HACER
B15: Esta semana | C15: Que el paso a 1.3 no dependa de la persona. Lo inmediato: que Joceline mueva a 1.3 al mandar el audio. Lo más seguro: que el CRM pase solo a 1.3 a quien contesta la pregunta del área y avise al asesor.
B16: Bot de 1.3 | C16: Que no mande al Negativo a quien respondió dentro de 1.3: que se detenga cuando el cliente contesta o que, en lugar del Negativo, le cree una tarea al asesor.
B17: Prueba "más directo" | C17: Corregir primero el paso manual y usar estas cifras de 1.3 como punto de partida (respuesta a la llamadita y a facilidades, avance a 1.4 y venta), para que la prueba mida el mensaje y no la falla del paso a 1.3.
B20: CIFRAS CLAVE
B21: Indicador | C21: Total | D21: ISO + Calidad | E21: Core Tools | F21: Manufactura
B22: Leads que recibieron la pregunta "¿en qué área trabajas?" | C22: =COUNTA('Base leads'!$A$5:$A$1238) | D22: =COUNTIFS('Base leads'!$B$5:$B$1238,"ISO + Calidad") | E22: =COUNTIFS('Base leads'!$B$5:$B$1238,"Core Tools Premium") | F22: =COUNTIFS('Base leads'!$B$5:$B$1238,"Manufactura y Calidad")
B23: Contestaron a tiempo (antes de que el bot los mandara al Negativo) | C23: =COUNTIFS('Base leads'!$E$5:$E$1238,"A tiempo (en 1.2)") | D23: =COUNTIFS('Base leads'!$B$5:$B$1238,"ISO + Calidad",'Base leads'!$E$5:$E$1238,"A tiempo (en 1.2)") | E23: =COUNTIFS('Base leads'!$B$5:$B$1238,"Core Tools Premium",'Base leads'!$E$5:$E$1238,"A tiempo (en 1.2)") | F23: =COUNTIFS('Base leads'!$B$5:$B$1238,"Manufactura y Calidad",'Base leads'!$E$5:$E$1238,"A tiempo (en 1.2)")
B24: % que contesta a tiempo | C24: =IF(C22=0,0,C23/C22) | D24: =IF(D22=0,0,D23/D22) | E24: =IF(E22=0,0,E23/E22) | F24: =IF(F22=0,0,F23/F22)
B25: De los que contestaron a tiempo: les mandaron audio | C25: =COUNTIFS('Base leads'!$E$5:$E$1238,"A tiempo (en 1.2)",'Base leads'!$K$5:$K$1238,"Sí") | D25: =COUNTIFS('Base leads'!$B$5:$B$1238,"ISO + Calidad",'Base leads'!$E$5:$E$1238,"A tiempo (en 1.2)",'Base leads'!$K$5:$K$1238,"Sí") | E25: =COUNTIFS('Base leads'!$B$5:$B$1238,"Core Tools Premium",'Base leads'!$E$5:$E$1238,"A tiempo (en 1.2)",'Base leads'!$K$5:$K$1238,"Sí") | F25: =COUNTIFS('Base leads'!$B$5:$B$1238,"Manufactura y Calidad",'Base leads'!$E$5:$E$1238,"A tiempo (en 1.2)",'Base leads'!$K$5:$K$1238,"Sí")
B26: De los que contestaron a tiempo: movidos a 1.3 | C26: =COUNTIFS('Base leads'!$E$5:$E$1238,"A tiempo (en 1.2)",'Base leads'!$N$5:$N$1238,"Sí") | D26: =COUNTIFS('Base leads'!$B$5:$B$1238,"ISO + Calidad",'Base leads'!$E$5:$E$1238,"A tiempo (en 1.2)",'Base leads'!$N$5:$N$1238,"Sí") | E26: =COUNTIFS('Base leads'!$B$5:$B$1238,"Core Tools Premium",'Base leads'!$E$5:$E$1238,"A tiempo (en 1.2)",'Base leads'!$N$5:$N$1238,"Sí") | F26: =COUNTIFS('Base leads'!$B$5:$B$1238,"Manufactura y Calidad",'Base leads'!$E$5:$E$1238,"A tiempo (en 1.2)",'Base leads'!$N$5:$N$1238,"Sí")
B27: % movido a 1.3 (de los que contestaron a tiempo) | C27: =IF(C23=0,0,C26/C23) | D27: =IF(D23=0,0,D26/D23) | E27: =IF(E23=0,0,E26/E23) | F27: =IF(F23=0,0,F26/F23)
B28: Contestaron a tiempo, recibieron audio y NO los movieron a 1.3 | C28: =COUNTIFS('Base leads'!$E$5:$E$1238,"A tiempo (en 1.2)",'Base leads'!$R$5:$R$1238,"Audio sin mover a 1.3") | D28: =COUNTIFS('Base leads'!$B$5:$B$1238,"ISO + Calidad",'Base leads'!$E$5:$E$1238,"A tiempo (en 1.2)",'Base leads'!$R$5:$R$1238,"Audio sin mover a 1.3") | E28: =COUNTIFS('Base leads'!$B$5:$B$1238,"Core Tools Premium",'Base leads'!$E$5:$E$1238,"A tiempo (en 1.2)",'Base leads'!$R$5:$R$1238,"Audio sin mover a 1.3") | F28: =COUNTIFS('Base leads'!$B$5:$B$1238,"Manufactura y Calidad",'Base leads'!$E$5:$E$1238,"A tiempo (en 1.2)",'Base leads'!$R$5:$R$1238,"Audio sin mover a 1.3")
B29: Contestaron a tiempo y no recibieron ni audio ni 1.3 | C29: =COUNTIFS('Base leads'!$E$5:$E$1238,"A tiempo (en 1.2)",'Base leads'!$R$5:$R$1238,"Ni audio ni 1.3") | D29: =COUNTIFS('Base leads'!$B$5:$B$1238,"ISO + Calidad",'Base leads'!$E$5:$E$1238,"A tiempo (en 1.2)",'Base leads'!$R$5:$R$1238,"Ni audio ni 1.3") | E29: =COUNTIFS('Base leads'!$B$5:$B$1238,"Core Tools Premium",'Base leads'!$E$5:$E$1238,"A tiempo (en 1.2)",'Base leads'!$R$5:$R$1238,"Ni audio ni 1.3") | F29: =COUNTIFS('Base leads'!$B$5:$B$1238,"Manufactura y Calidad",'Base leads'!$E$5:$E$1238,"A tiempo (en 1.2)",'Base leads'!$R$5:$R$1238,"Ni audio ni 1.3")
B30: Contestaron a tiempo, no los movieron y el bot los mandó al Negativo | C30: =COUNTIFS('Base leads'!$E$5:$E$1238,"A tiempo (en 1.2)",'Base leads'!$S$5:$S$1238,"Negativo (lo mandó el bot)") | D30: =COUNTIFS('Base leads'!$B$5:$B$1238,"ISO + Calidad",'Base leads'!$E$5:$E$1238,"A tiempo (en 1.2)",'Base leads'!$S$5:$S$1238,"Negativo (lo mandó el bot)") | E30: =COUNTIFS('Base leads'!$B$5:$B$1238,"Core Tools Premium",'Base leads'!$E$5:$E$1238,"A tiempo (en 1.2)",'Base leads'!$S$5:$S$1238,"Negativo (lo mandó el bot)") | F30: =COUNTIFS('Base leads'!$B$5:$B$1238,"Manufactura y Calidad",'Base leads'!$E$5:$E$1238,"A tiempo (en 1.2)",'Base leads'!$S$5:$S$1238,"Negativo (lo mandó el bot)")
B31: Minutos de su respuesta a 1.3 (mediana, movidos) | C31: {=MEDIAN(IF(('Base leads'!$E$5:$E$1238="A tiempo (en 1.2)")*('Base leads'!$N$5:$N$1238="Sí"),IF('Base leads'!$P$5:$P$1238<>"",'Base leads'!$P$5:$P$1238)))} | D31: {=MEDIAN(IF(('Base leads'!$E$5:$E$1238="A tiempo (en 1.2)")*('Base leads'!$N$5:$N$1238="Sí")*('Base leads'!$B$5:$B$1238="ISO + Calidad"),IF('Base leads'!$P$5:$P$1238<>"",'Base leads'!$P$5:$P$1238)))} | E31: {=MEDIAN(IF(('Base leads'!$E$5:$E$1238="A tiempo (en 1.2)")*('Base leads'!$N$5:$N$1238="Sí")*('Base leads'!$B$5:$B$1238="Core Tools Premium"),IF('Base leads'!$P$5:$P$1238<>"",'Base leads'!$P$5:$P$1238)))} | F31: {=MEDIAN(IF(('Base leads'!$E$5:$E$1238="A tiempo (en 1.2)")*('Base leads'!$N$5:$N$1238="Sí")*('Base leads'!$B$5:$B$1238="Manufactura y Calidad"),IF('Base leads'!$P$5:$P$1238<>"",'Base leads'!$P$5:$P$1238)))}
B32: Entradas a 1.3 en el periodo | C32: =COUNTA('Entradas a 1.3'!$A$5:$A$360) | D32: =COUNTIFS('Entradas a 1.3'!$B$5:$B$360,"ISO + Calidad") | E32: =COUNTIFS('Entradas a 1.3'!$B$5:$B$360,"Core Tools Premium") | F32: =COUNTIFS('Entradas a 1.3'!$B$5:$B$360,"Manufactura y Calidad")
B33: Entradas a 1.3 en las que el cliente respondió | C33: =COUNTIFS('Entradas a 1.3'!$I$5:$I$360,"Sí") | D33: =COUNTIFS('Entradas a 1.3'!$B$5:$B$360,"ISO + Calidad",'Entradas a 1.3'!$I$5:$I$360,"Sí") | E33: =COUNTIFS('Entradas a 1.3'!$B$5:$B$360,"Core Tools Premium",'Entradas a 1.3'!$I$5:$I$360,"Sí") | F33: =COUNTIFS('Entradas a 1.3'!$B$5:$B$360,"Manufactura y Calidad",'Entradas a 1.3'!$I$5:$I$360,"Sí")
B34: Respuesta en 30 min a la "llamadita" del bot | C34: =IF(COUNTIFS('Entradas a 1.3'!$G$5:$G$360,"Sí")=0,0,COUNTIFS('Entradas a 1.3'!$U$5:$U$360,"Sí")/COUNTIFS('Entradas a 1.3'!$G$5:$G$360,"Sí")) | D34: =IF(COUNTIFS('Entradas a 1.3'!$B$5:$B$360,"ISO + Calidad",'Entradas a 1.3'!$G$5:$G$360,"Sí")=0,0,COUNTIFS('Entradas a 1.3'!$B$5:$B$360,"ISO + Calidad",'Entradas a 1.3'!$U$5:$U$360,"Sí")/COUNTIFS('Entradas a 1.3'!$B$5:$B$360,"ISO + Calidad",'Entradas a 1.3'!$G$5:$G$360,"Sí")) | E34: =IF(COUNTIFS('Entradas a 1.3'!$B$5:$B$360,"Core Tools Premium",'Entradas a 1.3'!$G$5:$G$360,"Sí")=0,0,COUNTIFS('Entradas a 1.3'!$B$5:$B$360,"Core Tools Premium",'Entradas a 1.3'!$U$5:$U$360,"Sí")/COUNTIFS('Entradas a 1.3'!$B$5:$B$360,"Core Tools Premium",'Entradas a 1.3'!$G$5:$G$360,"Sí")) | F34: =IF(COUNTIFS('Entradas a 1.3'!$B$5:$B$360,"Manufactura y Calidad",'Entradas a 1.3'!$G$5:$G$360,"Sí")=0,0,COUNTIFS('Entradas a 1.3'!$B$5:$B$360,"Manufactura y Calidad",'Entradas a 1.3'!$U$5:$U$360,"Sí")/COUNTIFS('Entradas a 1.3'!$B$5:$B$360,"Manufactura y Calidad",'Entradas a 1.3'!$G$5:$G$360,"Sí"))
B35: Respuesta en 30 min a "facilidades de pago" del bot | C35: =IF(COUNTIFS('Entradas a 1.3'!$H$5:$H$360,"Sí")=0,0,COUNTIFS('Entradas a 1.3'!$V$5:$V$360,"Sí")/COUNTIFS('Entradas a 1.3'!$H$5:$H$360,"Sí")) | D35: =IF(COUNTIFS('Entradas a 1.3'!$B$5:$B$360,"ISO + Calidad",'Entradas a 1.3'!$H$5:$H$360,"Sí")=0,0,COUNTIFS('Entradas a 1.3'!$B$5:$B$360,"ISO + Calidad",'Entradas a 1.3'!$V$5:$V$360,"Sí")/COUNTIFS('Entradas a 1.3'!$B$5:$B$360,"ISO + Calidad",'Entradas a 1.3'!$H$5:$H$360,"Sí")) | E35: =IF(COUNTIFS('Entradas a 1.3'!$B$5:$B$360,"Core Tools Premium",'Entradas a 1.3'!$H$5:$H$360,"Sí")=0,0,COUNTIFS('Entradas a 1.3'!$B$5:$B$360,"Core Tools Premium",'Entradas a 1.3'!$V$5:$V$360,"Sí")/COUNTIFS('Entradas a 1.3'!$B$5:$B$360,"Core Tools Premium",'Entradas a 1.3'!$H$5:$H$360,"Sí")) | F35: =IF(COUNTIFS('Entradas a 1.3'!$B$5:$B$360,"Manufactura y Calidad",'Entradas a 1.3'!$H$5:$H$360,"Sí")=0,0,COUNTIFS('Entradas a 1.3'!$B$5:$B$360,"Manufactura y Calidad",'Entradas a 1.3'!$V$5:$V$360,"Sí")/COUNTIFS('Entradas a 1.3'!$B$5:$B$360,"Manufactura y Calidad",'Entradas a 1.3'!$H$5:$H$360,"Sí"))
B36: Entradas a 1.3 que después llegaron a 1.4 o más | C36: =COUNTIFS('Entradas a 1.3'!$P$5:$P$360,"Sí") | D36: =COUNTIFS('Entradas a 1.3'!$B$5:$B$360,"ISO + Calidad",'Entradas a 1.3'!$P$5:$P$360,"Sí") | E36: =COUNTIFS('Entradas a 1.3'!$B$5:$B$360,"Core Tools Premium",'Entradas a 1.3'!$P$5:$P$360,"Sí") | F36: =COUNTIFS('Entradas a 1.3'!$B$5:$B$360,"Manufactura y Calidad",'Entradas a 1.3'!$P$5:$P$360,"Sí")
B37: % de entradas a 1.3 que llega a 1.4 o más | C37: =IF(C32=0,0,C36/C32) | D37: =IF(D32=0,0,D36/D32) | E37: =IF(E32=0,0,E36/E32) | F37: =IF(F32=0,0,F36/F32)
B38: Entradas a 1.3 que terminaron en Ganado | C38: =COUNTIFS('Entradas a 1.3'!$R$5:$R$360,"Sí") | D38: =COUNTIFS('Entradas a 1.3'!$B$5:$B$360,"ISO + Calidad",'Entradas a 1.3'!$R$5:$R$360,"Sí") | E38: =COUNTIFS('Entradas a 1.3'!$B$5:$B$360,"Core Tools Premium",'Entradas a 1.3'!$R$5:$R$360,"Sí") | F38: =COUNTIFS('Entradas a 1.3'!$B$5:$B$360,"Manufactura y Calidad",'Entradas a 1.3'!$R$5:$R$360,"Sí")
B39: Salieron de 1.3 al Negativo por el bot | C39: =COUNTIFS('Entradas a 1.3'!$M$5:$M$360,"Negativo",'Entradas a 1.3'!$N$5:$N$360,"Bot de 1.3") | D39: =COUNTIFS('Entradas a 1.3'!$B$5:$B$360,"ISO + Calidad",'Entradas a 1.3'!$M$5:$M$360,"Negativo",'Entradas a 1.3'!$N$5:$N$360,"Bot de 1.3") | E39: =COUNTIFS('Entradas a 1.3'!$B$5:$B$360,"Core Tools Premium",'Entradas a 1.3'!$M$5:$M$360,"Negativo",'Entradas a 1.3'!$N$5:$N$360,"Bot de 1.3") | F39: =COUNTIFS('Entradas a 1.3'!$B$5:$B$360,"Manufactura y Calidad",'Entradas a 1.3'!$M$5:$M$360,"Negativo",'Entradas a 1.3'!$N$5:$N$360,"Bot de 1.3")
B40: El cliente respondió en 1.3 y aun así el bot lo mandó al Negativo | C40: =COUNTIFS('Entradas a 1.3'!$S$5:$S$360,"Sí") | D40: =COUNTIFS('Entradas a 1.3'!$B$5:$B$360,"ISO + Calidad",'Entradas a 1.3'!$S$5:$S$360,"Sí") | E40: =COUNTIFS('Entradas a 1.3'!$B$5:$B$360,"Core Tools Premium",'Entradas a 1.3'!$S$5:$S$360,"Sí") | F40: =COUNTIFS('Entradas a 1.3'!$B$5:$B$360,"Manufactura y Calidad",'Entradas a 1.3'!$S$5:$S$360,"Sí")
B41: Entradas a 1.3 con tarea de llamada creada | C41: =COUNTIFS('Entradas a 1.3'!$L$5:$L$360,"Sí") | D41: =COUNTIFS('Entradas a 1.3'!$B$5:$B$360,"ISO + Calidad",'Entradas a 1.3'!$L$5:$L$360,"Sí") | E41: =COUNTIFS('Entradas a 1.3'!$B$5:$B$360,"Core Tools Premium",'Entradas a 1.3'!$L$5:$L$360,"Sí") | F41: =COUNTIFS('Entradas a 1.3'!$B$5:$B$360,"Manufactura y Calidad",'Entradas a 1.3'!$L$5:$L$360,"Sí")
B43: Cada cifra es una fórmula sobre las hojas "Base leads" y "Entradas a 1.3". El método y las definiciones están en "Fuentes y método".

Sheet Tras la pregunta del área
B1: Qué pasa cuando el lead contesta el área
B2: Leads que contestaron "¿en qué área trabajas?" antes de que el bot los mandara al Negativo (2 h)
B5: LO QUE HIZO EL EQUIPO DESPUÉS DE SU RESPUESTA
B6: Qué hicieron | C6: Total | D6: ISO + Calidad | E6: Core Tools | F6: Manufactura | G6: % del total
B7: Audio y después 1.3 | C7: =COUNTIFS('Base leads'!$E$5:$E$1238,"A tiempo (en 1.2)",'Base leads'!$R$5:$R$1238,"Audio y después 1.3") | D7: =COUNTIFS('Base leads'!$B$5:$B$1238,"ISO + Calidad",'Base leads'!$E$5:$E$1238,"A tiempo (en 1.2)",'Base leads'!$R$5:$R$1238,"Audio y después 1.3") | E7: =COUNTIFS('Base leads'!$B$5:$B$1238,"Core Tools Premium",'Base leads'!$E$5:$E$1238,"A tiempo (en 1.2)",'Base leads'!$R$5:$R$1238,"Audio y después 1.3") | F7: =COUNTIFS('Base leads'!$B$5:$B$1238,"Manufactura y Calidad",'Base leads'!$E$5:$E$1238,"A tiempo (en 1.2)",'Base leads'!$R$5:$R$1238,"Audio y después 1.3") | G7: =IF(C$12=0,0,C7/C$12)
B8: 1.3 y después audio | C8: =COUNTIFS('Base leads'!$E$5:$E$1238,"A tiempo (en 1.2)",'Base leads'!$R$5:$R$1238,"1.3 y después audio") | D8: =COUNTIFS('Base leads'!$B$5:$B$1238,"ISO + Calidad",'Base leads'!$E$5:$E$1238,"A tiempo (en 1.2)",'Base leads'!$R$5:$R$1238,"1.3 y después audio") | E8: =COUNTIFS('Base leads'!$B$5:$B$1238,"Core Tools Premium",'Base leads'!$E$5:$E$1238,"A tiempo (en 1.2)",'Base leads'!$R$5:$R$1238,"1.3 y después audio") | F8: =COUNTIFS('Base leads'!$B$5:$B$1238,"Manufactura y Calidad",'Base leads'!$E$5:$E$1238,"A tiempo (en 1.2)",'Base leads'!$R$5:$R$1238,"1.3 y después audio") | G8: =IF(C$12=0,0,C8/C$12)
B9: Movido a 1.3 sin audio | C9: =COUNTIFS('Base leads'!$E$5:$E$1238,"A tiempo (en 1.2)",'Base leads'!$R$5:$R$1238,"Movido a 1.3 sin audio") | D9: =COUNTIFS('Base leads'!$B$5:$B$1238,"ISO + Calidad",'Base leads'!$E$5:$E$1238,"A tiempo (en 1.2)",'Base leads'!$R$5:$R$1238,"Movido a 1.3 sin audio") | E9: =COUNTIFS('Base leads'!$B$5:$B$1238,"Core Tools Premium",'Base leads'!$E$5:$E$1238,"A tiempo (en 1.2)",'Base leads'!$R$5:$R$1238,"Movido a 1.3 sin audio") | F9: =COUNTIFS('Base leads'!$B$5:$B$1238,"Manufactura y Calidad",'Base leads'!$E$5:$E$1238,"A tiempo (en 1.2)",'Base leads'!$R$5:$R$1238,"Movido a 1.3 sin audio") | G9: =IF(C$12=0,0,C9/C$12)
B10: Audio sin mover a 1.3 | C10: =COUNTIFS('Base leads'!$E$5:$E$1238,"A tiempo (en 1.2)",'Base leads'!$R$5:$R$1238,"Audio sin mover a 1.3") | D10: =COUNTIFS('Base leads'!$B$5:$B$1238,"ISO + Calidad",'Base leads'!$E$5:$E$1238,"A tiempo (en 1.2)",'Base leads'!$R$5:$R$1238,"Audio sin mover a 1.3") | E10: =COUNTIFS('Base leads'!$B$5:$B$1238,"Core Tools Premium",'Base leads'!$E$5:$E$1238,"A tiempo (en 1.2)",'Base leads'!$R$5:$R$1238,"Audio sin mover a 1.3") | F10: =COUNTIFS('Base leads'!$B$5:$B$1238,"Manufactura y Calidad",'Base leads'!$E$5:$E$1238,"A tiempo (en 1.2)",'Base leads'!$R$5:$R$1238,"Audio sin mover a 1.3") | G10: =IF(C$12=0,0,C10/C$12)
B11: Ni audio ni 1.3 | C11: =COUNTIFS('Base leads'!$E$5:$E$1238,"A tiempo (en 1.2)",'Base leads'!$R$5:$R$1238,"Ni audio ni 1.3") | D11: =COUNTIFS('Base leads'!$B$5:$B$1238,"ISO + Calidad",'Base leads'!$E$5:$E$1238,"A tiempo (en 1.2)",'Base leads'!$R$5:$R$1238,"Ni audio ni 1.3") | E11: =COUNTIFS('Base leads'!$B$5:$B$1238,"Core Tools Premium",'Base leads'!$E$5:$E$1238,"A tiempo (en 1.2)",'Base leads'!$R$5:$R$1238,"Ni audio ni 1.3") | F11: =COUNTIFS('Base leads'!$B$5:$B$1238,"Manufactura y Calidad",'Base leads'!$E$5:$E$1238,"A tiempo (en 1.2)",'Base leads'!$R$5:$R$1238,"Ni audio ni 1.3") | G11: =IF(C$12=0,0,C11/C$12)
B12: Total que contestó a tiempo | C12: =SUM(C7:C11) | D12: =SUM(D7:D11) | E12: =SUM(E7:E11) | F12: =SUM(F7:F11) | G12: =IF(C12=0,0,C12/C12)
B14: El protocolo esperado es: plantilla "Excelente… te mando un audio rapidito", nota de voz con la recomendación y mover a mano a 1.3.
B16: TIEMPOS (MEDIANA EN MINUTOS DESDE SU RESPUESTA)
B17: Paso | C17: Total | D17: ISO + Calidad | E17: Core Tools | F17: Manufactura
B18: Primera respuesta de una persona | C18: {=MEDIAN(IF(('Base leads'!$E$5:$E$1238="A tiempo (en 1.2)"),IF('Base leads'!$I$5:$I$1238<>"",'Base leads'!$I$5:$I$1238)))} | D18: {=MEDIAN(IF(('Base leads'!$E$5:$E$1238="A tiempo (en 1.2)")*('Base leads'!$B$5:$B$1238="ISO + Calidad"),IF('Base leads'!$I$5:$I$1238<>"",'Base leads'!$I$5:$I$1238)))} | E18: {=MEDIAN(IF(('Base leads'!$E$5:$E$1238="A tiempo (en 1.2)")*('Base leads'!$B$5:$B$1238="Core Tools Premium"),IF('Base leads'!$I$5:$I$1238<>"",'Base leads'!$I$5:$I$1238)))} | F18: {=MEDIAN(IF(('Base leads'!$E$5:$E$1238="A tiempo (en 1.2)")*('Base leads'!$B$5:$B$1238="Manufactura y Calidad"),IF('Base leads'!$I$5:$I$1238<>"",'Base leads'!$I$5:$I$1238)))}
B19: Audio | C19: {=MEDIAN(IF(('Base leads'!$E$5:$E$1238="A tiempo (en 1.2)")*('Base leads'!$K$5:$K$1238="Sí"),IF('Base leads'!$M$5:$M$1238<>"",'Base leads'!$M$5:$M$1238)))} | D19: {=MEDIAN(IF(('Base leads'!$E$5:$E$1238="A tiempo (en 1.2)")*('Base leads'!$K$5:$K$1238="Sí")*('Base leads'!$B$5:$B$1238="ISO + Calidad"),IF('Base leads'!$M$5:$M$1238<>"",'Base leads'!$M$5:$M$1238)))} | E19: {=MEDIAN(IF(('Base leads'!$E$5:$E$1238="A tiempo (en 1.2)")*('Base leads'!$K$5:$K$1238="Sí")*('Base leads'!$B$5:$B$1238="Core Tools Premium"),IF('Base leads'!$M$5:$M$1238<>"",'Base leads'!$M$5:$M$1238)))} | F19: {=MEDIAN(IF(('Base leads'!$E$5:$E$1238="A tiempo (en 1.2)")*('Base leads'!$K$5:$K$1238="Sí")*('Base leads'!$B$5:$B$1238="Manufactura y Calidad"),IF('Base leads'!$M$5:$M$1238<>"",'Base leads'!$M$5:$M$1238)))}
B20: Movido a 1.3 | C20: {=MEDIAN(IF(('Base leads'!$E$5:$E$1238="A tiempo (en 1.2)")*('Base leads'!$N$5:$N$1238="Sí"),IF('Base leads'!$P$5:$P$1238<>"",'Base leads'!$P$5:$P$1238)))} | D20: {=MEDIAN(IF(('Base leads'!$E$5:$E$1238="A tiempo (en 1.2)")*('Base leads'!$N$5:$N$1238="Sí")*('Base leads'!$B$5:$B$1238="ISO + Calidad"),IF('Base leads'!$P$5:$P$1238<>"",'Base leads'!$P$5:$P$1238)))} | E20: {=MEDIAN(IF(('Base leads'!$E$5:$E$1238="A tiempo (en 1.2)")*('Base leads'!$N$5:$N$1238="Sí")*('Base leads'!$B$5:$B$1238="Core Tools Premium"),IF('Base leads'!$P$5:$P$1238<>"",'Base leads'!$P$5:$P$1238)))} | F20: {=MEDIAN(IF(('Base leads'!$E$5:$E$1238="A tiempo (en 1.2)")*('Base leads'!$N$5:$N$1238="Sí")*('Base leads'!$B$5:$B$1238="Manufactura y Calidad"),IF('Base leads'!$P$5:$P$1238<>"",'Base leads'!$P$5:$P$1238)))}
B22: LOS QUE NO MOVIERON A 1.3: A DÓNDE FUERON
B23: Destino | C23: Total | D23: ISO + Calidad | E23: Core Tools | F23: Manufactura | G23: Preguntaron precio o pago
B24: Negativo (lo mandó el bot) | C24: =COUNTIFS('Base leads'!$E$5:$E$1238,"A tiempo (en 1.2)",'Base leads'!$S$5:$S$1238,"Negativo (lo mandó el bot)") | D24: =COUNTIFS('Base leads'!$B$5:$B$1238,"ISO + Calidad",'Base leads'!$E$5:$E$1238,"A tiempo (en 1.2)",'Base leads'!$S$5:$S$1238,"Negativo (lo mandó el bot)") | E24: =COUNTIFS('Base leads'!$B$5:$B$1238,"Core Tools Premium",'Base leads'!$E$5:$E$1238,"A tiempo (en 1.2)",'Base leads'!$S$5:$S$1238,"Negativo (lo mandó el bot)") | F24: =COUNTIFS('Base leads'!$B$5:$B$1238,"Manufactura y Calidad",'Base leads'!$E$5:$E$1238,"A tiempo (en 1.2)",'Base leads'!$S$5:$S$1238,"Negativo (lo mandó el bot)") | G24: =COUNTIFS('Base leads'!$E$5:$E$1238,"A tiempo (en 1.2)",'Base leads'!$S$5:$S$1238,"Negativo (lo mandó el bot)",'Base leads'!$G$5:$G$1238,"Sí")
B25: Perdido (persona) | C25: =COUNTIFS('Base leads'!$E$5:$E$1238,"A tiempo (en 1.2)",'Base leads'!$S$5:$S$1238,"Perdido (persona)") | D25: =COUNTIFS('Base leads'!$B$5:$B$1238,"ISO + Calidad",'Base leads'!$E$5:$E$1238,"A tiempo (en 1.2)",'Base leads'!$S$5:$S$1238,"Perdido (persona)") | E25: =COUNTIFS('Base leads'!$B$5:$B$1238,"Core Tools Premium",'Base leads'!$E$5:$E$1238,"A tiempo (en 1.2)",'Base leads'!$S$5:$S$1238,"Perdido (persona)") | F25: =COUNTIFS('Base leads'!$B$5:$B$1238,"Manufactura y Calidad",'Base leads'!$E$5:$E$1238,"A tiempo (en 1.2)",'Base leads'!$S$5:$S$1238,"Perdido (persona)") | G25: =COUNTIFS('Base leads'!$E$5:$E$1238,"A tiempo (en 1.2)",'Base leads'!$S$5:$S$1238,"Perdido (persona)",'Base leads'!$G$5:$G$1238,"Sí")
B26: 1.4, pago o Ganado (persona) | C26: =COUNTIFS('Base leads'!$E$5:$E$1238,"A tiempo (en 1.2)",'Base leads'!$S$5:$S$1238,"1.4, pago o Ganado (persona)") | D26: =COUNTIFS('Base leads'!$B$5:$B$1238,"ISO + Calidad",'Base leads'!$E$5:$E$1238,"A tiempo (en 1.2)",'Base leads'!$S$5:$S$1238,"1.4, pago o Ganado (persona)") | E26: =COUNTIFS('Base leads'!$B$5:$B$1238,"Core Tools Premium",'Base leads'!$E$5:$E$1238,"A tiempo (en 1.2)",'Base leads'!$S$5:$S$1238,"1.4, pago o Ganado (persona)") | F26: =COUNTIFS('Base leads'!$B$5:$B$1238,"Manufactura y Calidad",'Base leads'!$E$5:$E$1238,"A tiempo (en 1.2)",'Base leads'!$S$5:$S$1238,"1.4, pago o Ganado (persona)") | G26: =COUNTIFS('Base leads'!$E$5:$E$1238,"A tiempo (en 1.2)",'Base leads'!$S$5:$S$1238,"1.4, pago o Ganado (persona)",'Base leads'!$G$5:$G$1238,"Sí")
B27: Negativo (lo movió una persona) | C27: =COUNTIFS('Base leads'!$E$5:$E$1238,"A tiempo (en 1.2)",'Base leads'!$S$5:$S$1238,"Negativo (lo movió una persona)") | D27: =COUNTIFS('Base leads'!$B$5:$B$1238,"ISO + Calidad",'Base leads'!$E$5:$E$1238,"A tiempo (en 1.2)",'Base leads'!$S$5:$S$1238,"Negativo (lo movió una persona)") | E27: =COUNTIFS('Base leads'!$B$5:$B$1238,"Core Tools Premium",'Base leads'!$E$5:$E$1238,"A tiempo (en 1.2)",'Base leads'!$S$5:$S$1238,"Negativo (lo movió una persona)") | F27: =COUNTIFS('Base leads'!$B$5:$B$1238,"Manufactura y Calidad",'Base leads'!$E$5:$E$1238,"A tiempo (en 1.2)",'Base leads'!$S$5:$S$1238,"Negativo (lo movió una persona)") | G27: =COUNTIFS('Base leads'!$E$5:$E$1238,"A tiempo (en 1.2)",'Base leads'!$S$5:$S$1238,"Negativo (lo movió una persona)",'Base leads'!$G$5:$G$1238,"Sí")
B28: Sigue en 1.2 | C28: =COUNTIFS('Base leads'!$E$5:$E$1238,"A tiempo (en 1.2)",'Base leads'!$S$5:$S$1238,"Sigue en 1.2") | D28: =COUNTIFS('Base leads'!$B$5:$B$1238,"ISO + Calidad",'Base leads'!$E$5:$E$1238,"A tiempo (en 1.2)",'Base leads'!$S$5:$S$1238,"Sigue en 1.2") | E28: =COUNTIFS('Base leads'!$B$5:$B$1238,"Core Tools Premium",'Base leads'!$E$5:$E$1238,"A tiempo (en 1.2)",'Base leads'!$S$5:$S$1238,"Sigue en 1.2") | F28: =COUNTIFS('Base leads'!$B$5:$B$1238,"Manufactura y Calidad",'Base leads'!$E$5:$E$1238,"A tiempo (en 1.2)",'Base leads'!$S$5:$S$1238,"Sigue en 1.2") | G28: =COUNTIFS('Base leads'!$E$5:$E$1238,"A tiempo (en 1.2)",'Base leads'!$S$5:$S$1238,"Sigue en 1.2",'Base leads'!$G$5:$G$1238,"Sí")
B30: SEGÚN LA HORA EN QUE CONTESTÓ (HORA DE REYNOSA)
B31: Franja | C31: Contestaron a tiempo | D31: Con audio | E31: Movidos a 1.3 | F31: % movidos | G31: Min. a 1.3 (mediana)
B32: 9 a 18 h | C32: =COUNTIFS('Base leads'!$E$5:$E$1238,"A tiempo (en 1.2)",'Base leads'!$T$5:$T$1238,"9 a 18 h") | D32: =COUNTIFS('Base leads'!$E$5:$E$1238,"A tiempo (en 1.2)",'Base leads'!$T$5:$T$1238,"9 a 18 h",'Base leads'!$K$5:$K$1238,"Sí") | E32: =COUNTIFS('Base leads'!$E$5:$E$1238,"A tiempo (en 1.2)",'Base leads'!$T$5:$T$1238,"9 a 18 h",'Base leads'!$N$5:$N$1238,"Sí") | F32: =IF(C32=0,0,E32/C32) | G32: {=MEDIAN(IF(('Base leads'!$E$5:$E$1238="A tiempo (en 1.2)")*('Base leads'!$N$5:$N$1238="Sí")*('Base leads'!$T$5:$T$1238="9 a 18 h"),IF('Base leads'!$P$5:$P$1238<>"",'Base leads'!$P$5:$P$1238)))}
B33: 18 a 22 h | C33: =COUNTIFS('Base leads'!$E$5:$E$1238,"A tiempo (en 1.2)",'Base leads'!$T$5:$T$1238,"18 a 22 h") | D33: =COUNTIFS('Base leads'!$E$5:$E$1238,"A tiempo (en 1.2)",'Base leads'!$T$5:$T$1238,"18 a 22 h",'Base leads'!$K$5:$K$1238,"Sí") | E33: =COUNTIFS('Base leads'!$E$5:$E$1238,"A tiempo (en 1.2)",'Base leads'!$T$5:$T$1238,"18 a 22 h",'Base leads'!$N$5:$N$1238,"Sí") | F33: =IF(C33=0,0,E33/C33) | G33: {=MEDIAN(IF(('Base leads'!$E$5:$E$1238="A tiempo (en 1.2)")*('Base leads'!$N$5:$N$1238="Sí")*('Base leads'!$T$5:$T$1238="18 a 22 h"),IF('Base leads'!$P$5:$P$1238<>"",'Base leads'!$P$5:$P$1238)))}
B34: 22 a 9 h | C34: =COUNTIFS('Base leads'!$E$5:$E$1238,"A tiempo (en 1.2)",'Base leads'!$T$5:$T$1238,"22 a 9 h") | D34: =COUNTIFS('Base leads'!$E$5:$E$1238,"A tiempo (en 1.2)",'Base leads'!$T$5:$T$1238,"22 a 9 h",'Base leads'!$K$5:$K$1238,"Sí") | E34: =COUNTIFS('Base leads'!$E$5:$E$1238,"A tiempo (en 1.2)",'Base leads'!$T$5:$T$1238,"22 a 9 h",'Base leads'!$N$5:$N$1238,"Sí") | F34: =IF(C34=0,0,E34/C34) | G34: {=MEDIAN(IF(('Base leads'!$E$5:$E$1238="A tiempo (en 1.2)")*('Base leads'!$N$5:$N$1238="Sí")*('Base leads'!$T$5:$T$1238="22 a 9 h"),IF('Base leads'!$P$5:$P$1238<>"",'Base leads'!$P$5:$P$1238)))}
B36: LOS QUE CONTESTARON TARDE (YA ESTABAN EN EL NEGATIVO)
B37: Indicador | C37: Total | D37: ISO + Calidad | E37: Core Tools | F37: Manufactura
B38: Contestaron tarde | C38: =COUNTIFS('Base leads'!$E$5:$E$1238,"Tarde (ya fuera de 1.2)") | D38: =COUNTIFS('Base leads'!$B$5:$B$1238,"ISO + Calidad",'Base leads'!$E$5:$E$1238,"Tarde (ya fuera de 1.2)") | E38: =COUNTIFS('Base leads'!$B$5:$B$1238,"Core Tools Premium",'Base leads'!$E$5:$E$1238,"Tarde (ya fuera de 1.2)") | F38: =COUNTIFS('Base leads'!$B$5:$B$1238,"Manufactura y Calidad",'Base leads'!$E$5:$E$1238,"Tarde (ya fuera de 1.2)")
B39: Les mandaron audio | C39: =COUNTIFS('Base leads'!$E$5:$E$1238,"Tarde (ya fuera de 1.2)",'Base leads'!$K$5:$K$1238,"Sí") | D39: =COUNTIFS('Base leads'!$B$5:$B$1238,"ISO + Calidad",'Base leads'!$E$5:$E$1238,"Tarde (ya fuera de 1.2)",'Base leads'!$K$5:$K$1238,"Sí") | E39: =COUNTIFS('Base leads'!$B$5:$B$1238,"Core Tools Premium",'Base leads'!$E$5:$E$1238,"Tarde (ya fuera de 1.2)",'Base leads'!$K$5:$K$1238,"Sí") | F39: =COUNTIFS('Base leads'!$B$5:$B$1238,"Manufactura y Calidad",'Base leads'!$E$5:$E$1238,"Tarde (ya fuera de 1.2)",'Base leads'!$K$5:$K$1238,"Sí")
B40: Los movieron a 1.3 | C40: =COUNTIFS('Base leads'!$E$5:$E$1238,"Tarde (ya fuera de 1.2)",'Base leads'!$N$5:$N$1238,"Sí") | D40: =COUNTIFS('Base leads'!$B$5:$B$1238,"ISO + Calidad",'Base leads'!$E$5:$E$1238,"Tarde (ya fuera de 1.2)",'Base leads'!$N$5:$N$1238,"Sí") | E40: =COUNTIFS('Base leads'!$B$5:$B$1238,"Core Tools Premium",'Base leads'!$E$5:$E$1238,"Tarde (ya fuera de 1.2)",'Base leads'!$N$5:$N$1238,"Sí") | F40: =COUNTIFS('Base leads'!$B$5:$B$1238,"Manufactura y Calidad",'Base leads'!$E$5:$E$1238,"Tarde (ya fuera de 1.2)",'Base leads'!$N$5:$N$1238,"Sí")

Sheet Quién lo usa
B1: Quién hace el paso a 1.3
B2: Por la primera persona del equipo que le contestó al lead después de su respuesta al área (contestaron a tiempo)
B5: POR PERSONA QUE ATENDIÓ LA RESPUESTA
B6: Persona | C6: Respuestas que atendió | D6: Usó la plantilla del audio | E6: Mandó audio (cualquiera) | F6: Movidos a 1.3 | G6: % con audio | H6: % movidos a 1.3 | I6: Min. a la 1ª respuesta (mediana)
B7: Salma Santos Hernández | C7: =COUNTIFS('Base leads'!$E$5:$E$1238,"A tiempo (en 1.2)",'Base leads'!$H$5:$H$1238,"Salma Santos Hernández") | D7: =COUNTIFS('Base leads'!$E$5:$E$1238,"A tiempo (en 1.2)",'Base leads'!$H$5:$H$1238,"Salma Santos Hernández",'Base leads'!$J$5:$J$1238,"Sí") | E7: =COUNTIFS('Base leads'!$E$5:$E$1238,"A tiempo (en 1.2)",'Base leads'!$H$5:$H$1238,"Salma Santos Hernández",'Base leads'!$K$5:$K$1238,"Sí") | F7: =COUNTIFS('Base leads'!$E$5:$E$1238,"A tiempo (en 1.2)",'Base leads'!$H$5:$H$1238,"Salma Santos Hernández",'Base leads'!$N$5:$N$1238,"Sí") | G7: =IF(C7=0,0,E7/C7) | H7: =IF(C7=0,0,F7/C7) | I7: {=MEDIAN(IF(('Base leads'!$E$5:$E$1238="A tiempo (en 1.2)")*('Base leads'!$H$5:$H$1238="Salma Santos Hernández"),IF('Base leads'!$I$5:$I$1238<>"",'Base leads'!$I$5:$I$1238)))}
B8: José Alexander Morales | C8: =COUNTIFS('Base leads'!$E$5:$E$1238,"A tiempo (en 1.2)",'Base leads'!$H$5:$H$1238,"José Alexander Morales") | D8: =COUNTIFS('Base leads'!$E$5:$E$1238,"A tiempo (en 1.2)",'Base leads'!$H$5:$H$1238,"José Alexander Morales",'Base leads'!$J$5:$J$1238,"Sí") | E8: =COUNTIFS('Base leads'!$E$5:$E$1238,"A tiempo (en 1.2)",'Base leads'!$H$5:$H$1238,"José Alexander Morales",'Base leads'!$K$5:$K$1238,"Sí") | F8: =COUNTIFS('Base leads'!$E$5:$E$1238,"A tiempo (en 1.2)",'Base leads'!$H$5:$H$1238,"José Alexander Morales",'Base leads'!$N$5:$N$1238,"Sí") | G8: =IF(C8=0,0,E8/C8) | H8: =IF(C8=0,0,F8/C8) | I8: {=MEDIAN(IF(('Base leads'!$E$5:$E$1238="A tiempo (en 1.2)")*('Base leads'!$H$5:$H$1238="José Alexander Morales"),IF('Base leads'!$I$5:$I$1238<>"",'Base leads'!$I$5:$I$1238)))}
B9: Ana Victoria de Leon | C9: =COUNTIFS('Base leads'!$E$5:$E$1238,"A tiempo (en 1.2)",'Base leads'!$H$5:$H$1238,"Ana Victoria de Leon") | D9: =COUNTIFS('Base leads'!$E$5:$E$1238,"A tiempo (en 1.2)",'Base leads'!$H$5:$H$1238,"Ana Victoria de Leon",'Base leads'!$J$5:$J$1238,"Sí") | E9: =COUNTIFS('Base leads'!$E$5:$E$1238,"A tiempo (en 1.2)",'Base leads'!$H$5:$H$1238,"Ana Victoria de Leon",'Base leads'!$K$5:$K$1238,"Sí") | F9: =COUNTIFS('Base leads'!$E$5:$E$1238,"A tiempo (en 1.2)",'Base leads'!$H$5:$H$1238,"Ana Victoria de Leon",'Base leads'!$N$5:$N$1238,"Sí") | G9: =IF(C9=0,0,E9/C9) | H9: =IF(C9=0,0,F9/C9) | I9: {=MEDIAN(IF(('Base leads'!$E$5:$E$1238="A tiempo (en 1.2)")*('Base leads'!$H$5:$H$1238="Ana Victoria de Leon"),IF('Base leads'!$I$5:$I$1238<>"",'Base leads'!$I$5:$I$1238)))}
B10: Joceline Sarahi Benavides Serrano | C10: =COUNTIFS('Base leads'!$E$5:$E$1238,"A tiempo (en 1.2)",'Base leads'!$H$5:$H$1238,"Joceline Sarahi Benavides Serrano") | D10: =COUNTIFS('Base leads'!$E$5:$E$1238,"A tiempo (en 1.2)",'Base leads'!$H$5:$H$1238,"Joceline Sarahi Benavides Serrano",'Base leads'!$J$5:$J$1238,"Sí") | E10: =COUNTIFS('Base leads'!$E$5:$E$1238,"A tiempo (en 1.2)",'Base leads'!$H$5:$H$1238,"Joceline Sarahi Benavides Serrano",'Base leads'!$K$5:$K$1238,"Sí") | F10: =COUNTIFS('Base leads'!$E$5:$E$1238,"A tiempo (en 1.2)",'Base leads'!$H$5:$H$1238,"Joceline Sarahi Benavides Serrano",'Base leads'!$N$5:$N$1238,"Sí") | G10: =IF(C10=0,0,E10/C10) | H10: =IF(C10=0,0,F10/C10) | I10: {=MEDIAN(IF(('Base leads'!$E$5:$E$1238="A tiempo (en 1.2)")*('Base leads'!$H$5:$H$1238="Joceline Sarahi Benavides Serrano"),IF('Base leads'!$I$5:$I$1238<>"",'Base leads'!$I$5:$I$1238)))}
B12: El CRM le permite a la auxiliar mover etapas: en el mismo periodo movió leads a Perdido, a 1.1 Informes y a Ganado, pero ninguno a 1.3.
B14: QUIÉN MUEVE A 1.3 (TODAS LAS ENTRADAS A 1.3)
B15: Persona | C15: Entradas a 1.3 | D15: Desde 1.2 | E15: Desde el Negativo | F15: Llegaron a 1.4 o más | G15: % a 1.4 o más | H15: Ganado
B16: Salma Santos Hernández | C16: =COUNTIFS('Entradas a 1.3'!$F$5:$F$360,"Salma Santos Hernández") | D16: =COUNTIFS('Entradas a 1.3'!$F$5:$F$360,"Salma Santos Hernández",'Entradas a 1.3'!$E$5:$E$360,"1.2 Lista de cursos") | E16: =COUNTIFS('Entradas a 1.3'!$F$5:$F$360,"Salma Santos Hernández",'Entradas a 1.3'!$E$5:$E$360,"Negativo") | F16: =COUNTIFS('Entradas a 1.3'!$F$5:$F$360,"Salma Santos Hernández",'Entradas a 1.3'!$P$5:$P$360,"Sí") | G16: =IF(C16=0,0,F16/C16) | H16: =COUNTIFS('Entradas a 1.3'!$F$5:$F$360,"Salma Santos Hernández",'Entradas a 1.3'!$R$5:$R$360,"Sí")
B17: José Alexander Morales | C17: =COUNTIFS('Entradas a 1.3'!$F$5:$F$360,"José Alexander Morales") | D17: =COUNTIFS('Entradas a 1.3'!$F$5:$F$360,"José Alexander Morales",'Entradas a 1.3'!$E$5:$E$360,"1.2 Lista de cursos") | E17: =COUNTIFS('Entradas a 1.3'!$F$5:$F$360,"José Alexander Morales",'Entradas a 1.3'!$E$5:$E$360,"Negativo") | F17: =COUNTIFS('Entradas a 1.3'!$F$5:$F$360,"José Alexander Morales",'Entradas a 1.3'!$P$5:$P$360,"Sí") | G17: =IF(C17=0,0,F17/C17) | H17: =COUNTIFS('Entradas a 1.3'!$F$5:$F$360,"José Alexander Morales",'Entradas a 1.3'!$R$5:$R$360,"Sí")
B18: Ana Victoria de Leon | C18: =COUNTIFS('Entradas a 1.3'!$F$5:$F$360,"Ana Victoria de Leon") | D18: =COUNTIFS('Entradas a 1.3'!$F$5:$F$360,"Ana Victoria de Leon",'Entradas a 1.3'!$E$5:$E$360,"1.2 Lista de cursos") | E18: =COUNTIFS('Entradas a 1.3'!$F$5:$F$360,"Ana Victoria de Leon",'Entradas a 1.3'!$E$5:$E$360,"Negativo") | F18: =COUNTIFS('Entradas a 1.3'!$F$5:$F$360,"Ana Victoria de Leon",'Entradas a 1.3'!$P$5:$P$360,"Sí") | G18: =IF(C18=0,0,F18/C18) | H18: =COUNTIFS('Entradas a 1.3'!$F$5:$F$360,"Ana Victoria de Leon",'Entradas a 1.3'!$R$5:$R$360,"Sí")
B20: Todas las entradas a 1.3 del periodo fueron movimientos manuales: ningún bot ni regla mueve al lead a 1.3.

Sheet Frecuencia
B1: Con qué frecuencia se usa 1.3
B2: Entradas a 1.3 por semana (lunes a domingo) y embudo
B5: ENTRADAS A 1.3 POR SEMANA
B6: Semana (lunes) | C6: ISO + Calidad | D6: Core Tools | E6: Manufactura | F6: Total | G6: Recibieron la pregunta del área | H6: Entradas por cada 100 preguntas
B7: 05/10/2026 | C7: =COUNTIFS('Entradas a 1.3'!$B$5:$B$360,"ISO + Calidad",'Entradas a 1.3'!$C$5:$C$360,$B7) | D7: =COUNTIFS('Entradas a 1.3'!$B$5:$B$360,"Core Tools Premium",'Entradas a 1.3'!$C$5:$C$360,$B7) | E7: =COUNTIFS('Entradas a 1.3'!$B$5:$B$360,"Manufactura y Calidad",'Entradas a 1.3'!$C$5:$C$360,$B7) | F7: =SUM(C7:E7) | G7: =COUNTIFS('Base leads'!$C$5:$C$1238,$B7) | H7: =IF(G7=0,0,F7/G7*100)
B8: 12/10/2026 | C8: =COUNTIFS('Entradas a 1.3'!$B$5:$B$360,"ISO + Calidad",'Entradas a 1.3'!$C$5:$C$360,$B8) | D8: =COUNTIFS('Entradas a 1.3'!$B$5:$B$360,"Core Tools Premium",'Entradas a 1.3'!$C$5:$C$360,$B8) | E8: =COUNTIFS('Entradas a 1.3'!$B$5:$B$360,"Manufactura y Calidad",'Entradas a 1.3'!$C$5:$C$360,$B8) | F8: =SUM(C8:E8) | G8: =COUNTIFS('Base leads'!$C$5:$C$1238,$B8) | H8: =IF(G8=0,0,F8/G8*100)
B9: 19/10/2026 | C9: =COUNTIFS('Entradas a 1.3'!$B$5:$B$360,"ISO + Calidad",'Entradas a 1.3'!$C$5:$C$360,$B9) | D9: =COUNTIFS('Entradas a 1.3'!$B$5:$B$360,"Core Tools Premium",'Entradas a 1.3'!$C$5:$C$360,$B9) | E9: =COUNTIFS('Entradas a 1.3'!$B$5:$B$360,"Manufactura y Calidad",'Entradas a 1.3'!$C$5:$C$360,$B9) | F9: =SUM(C9:E9) | G9: =COUNTIFS('Base leads'!$C$5:$C$1238,$B9) | H9: =IF(G9=0,0,F9/G9*100)
B10: 26/10/2026 | C10: =COUNTIFS('Entradas a 1.3'!$B$5:$B$360,"ISO + Calidad",'Entradas a 1.3'!$C$5:$C$360,$B10) | D10: =COUNTIFS('Entradas a 1.3'!$B$5:$B$360,"Core Tools Premium",'Entradas a 1.3'!$C$5:$C$360,$B10) | E10: =COUNTIFS('Entradas a 1.3'!$B$5:$B$360,"Manufactura y Calidad",'Entradas a 1.3'!$C$5:$C$360,$B10) | F10: =SUM(C10:E10) | G10: =COUNTIFS('Base leads'!$C$5:$C$1238,$B10) | H10: =IF(G10=0,0,F10/G10*100)
B11: Total | C11: =SUM(C7:C10) | D11: =SUM(D7:D10) | E11: =SUM(E7:E10) | F11: =SUM(F7:F10) | G11: =SUM(G7:G10) | H11: =IF(G11=0,0,F11/G11*100)
B12: La última semana está incompleta (corte del martes 27/10).
B14: DE DÓNDE LLEGAN A 1.3
B15: Venía de | C15: ISO + Calidad | D15: Core Tools | E15: Manufactura | F15: Total
B16: 1.2 Lista de cursos | C16: =COUNTIFS('Entradas a 1.3'!$B$5:$B$360,"ISO + Calidad",'Entradas a 1.3'!$E$5:$E$360,$B16) | D16: =COUNTIFS('Entradas a 1.3'!$B$5:$B$360,"Core Tools Premium",'Entradas a 1.3'!$E$5:$E$360,$B16) | E16: =COUNTIFS('Entradas a 1.3'!$B$5:$B$360,"Manufactura y Calidad",'Entradas a 1.3'!$E$5:$E$360,$B16) | F16: =SUM(C16:E16)
B17: Leads entrantes | C17: =COUNTIFS('Entradas a 1.3'!$B$5:$B$360,"ISO + Calidad",'Entradas a 1.3'!$E$5:$E$360,$B17) | D17: =COUNTIFS('Entradas a 1.3'!$B$5:$B$360,"Core Tools Premium",'Entradas a 1.3'!$E$5:$E$360,$B17) | E17: =COUNTIFS('Entradas a 1.3'!$B$5:$B$360,"Manufactura y Calidad",'Entradas a 1.3'!$E$5:$E$360,$B17) | F17: =SUM(C17:E17)
B18: Negativo | C18: =COUNTIFS('Entradas a 1.3'!$B$5:$B$360,"ISO + Calidad",'Entradas a 1.3'!$E$5:$E$360,$B18) | D18: =COUNTIFS('Entradas a 1.3'!$B$5:$B$360,"Core Tools Premium",'Entradas a 1.3'!$E$5:$E$360,$B18) | E18: =COUNTIFS('Entradas a 1.3'!$B$5:$B$360,"Manufactura y Calidad",'Entradas a 1.3'!$E$5:$E$360,$B18) | F18: =SUM(C18:E18)

Sheet Funciona 1.3
B1: ¿Funciona 1.3 cuando se usa?
B2: Qué pasa con cada entrada a 1.3 y cómo les va a quienes contestaron el área según si los movieron o no
B5: QUÉ PASA DENTRO DE 1.3
B6: Indicador | C6: Total | D6: ISO + Calidad | E6: Core Tools | F6: Manufactura
B7: Entradas a 1.3 | C7: =COUNTA('Entradas a 1.3'!$A$5:$A$360) | D7: =COUNTIFS('Entradas a 1.3'!$B$5:$B$360,"ISO + Calidad") | E7: =COUNTIFS('Entradas a 1.3'!$B$5:$B$360,"Core Tools Premium") | F7: =COUNTIFS('Entradas a 1.3'!$B$5:$B$360,"Manufactura y Calidad")
B8: El bot mandó "¿te hago una llamadita?" | C8: =COUNTIFS('Entradas a 1.3'!$G$5:$G$360,"Sí") | D8: =COUNTIFS('Entradas a 1.3'!$B$5:$B$360,"ISO + Calidad",'Entradas a 1.3'!$G$5:$G$360,"Sí") | E8: =COUNTIFS('Entradas a 1.3'!$B$5:$B$360,"Core Tools Premium",'Entradas a 1.3'!$G$5:$G$360,"Sí") | F8: =COUNTIFS('Entradas a 1.3'!$B$5:$B$360,"Manufactura y Calidad",'Entradas a 1.3'!$G$5:$G$360,"Sí")
B9: El bot mandó "facilidades de pago" | C9: =COUNTIFS('Entradas a 1.3'!$H$5:$H$360,"Sí") | D9: =COUNTIFS('Entradas a 1.3'!$B$5:$B$360,"ISO + Calidad",'Entradas a 1.3'!$H$5:$H$360,"Sí") | E9: =COUNTIFS('Entradas a 1.3'!$B$5:$B$360,"Core Tools Premium",'Entradas a 1.3'!$H$5:$H$360,"Sí") | F9: =COUNTIFS('Entradas a 1.3'!$B$5:$B$360,"Manufactura y Calidad",'Entradas a 1.3'!$H$5:$H$360,"Sí")
B10: Una persona le escribió mientras estaba en 1.3 | C10: =COUNTIFS('Entradas a 1.3'!$K$5:$K$360,"Sí") | D10: =COUNTIFS('Entradas a 1.3'!$B$5:$B$360,"ISO + Calidad",'Entradas a 1.3'!$K$5:$K$360,"Sí") | E10: =COUNTIFS('Entradas a 1.3'!$B$5:$B$360,"Core Tools Premium",'Entradas a 1.3'!$K$5:$K$360,"Sí") | F10: =COUNTIFS('Entradas a 1.3'!$B$5:$B$360,"Manufactura y Calidad",'Entradas a 1.3'!$K$5:$K$360,"Sí")
B11: El cliente respondió en 1.3 | C11: =COUNTIFS('Entradas a 1.3'!$I$5:$I$360,"Sí") | D11: =COUNTIFS('Entradas a 1.3'!$B$5:$B$360,"ISO + Calidad",'Entradas a 1.3'!$I$5:$I$360,"Sí") | E11: =COUNTIFS('Entradas a 1.3'!$B$5:$B$360,"Core Tools Premium",'Entradas a 1.3'!$I$5:$I$360,"Sí") | F11: =COUNTIFS('Entradas a 1.3'!$B$5:$B$360,"Manufactura y Calidad",'Entradas a 1.3'!$I$5:$I$360,"Sí")
B12: Se creó una tarea de llamada | C12: =COUNTIFS('Entradas a 1.3'!$L$5:$L$360,"Sí") | D12: =COUNTIFS('Entradas a 1.3'!$B$5:$B$360,"ISO + Calidad",'Entradas a 1.3'!$L$5:$L$360,"Sí") | E12: =COUNTIFS('Entradas a 1.3'!$B$5:$B$360,"Core Tools Premium",'Entradas a 1.3'!$L$5:$L$360,"Sí") | F12: =COUNTIFS('Entradas a 1.3'!$B$5:$B$360,"Manufactura y Calidad",'Entradas a 1.3'!$L$5:$L$360,"Sí")
B13: Siguiente etapa: 1.4 Facilidades de pago | C13: =COUNTIFS('Entradas a 1.3'!$M$5:$M$360,"1.4 Facilidades de pago") | D13: =COUNTIFS('Entradas a 1.3'!$B$5:$B$360,"ISO + Calidad",'Entradas a 1.3'!$M$5:$M$360,"1.4 Facilidades de pago") | E13: =COUNTIFS('Entradas a 1.3'!$B$5:$B$360,"Core Tools Premium",'Entradas a 1.3'!$M$5:$M$360,"1.4 Facilidades de pago") | F13: =COUNTIFS('Entradas a 1.3'!$B$5:$B$360,"Manufactura y Calidad",'Entradas a 1.3'!$M$5:$M$360,"1.4 Facilidades de pago")
B14: Siguiente etapa: medio de pago | C14: =COUNTIFS('Entradas a 1.3'!$M$5:$M$360,"Medio de pago") | D14: =COUNTIFS('Entradas a 1.3'!$B$5:$B$360,"ISO + Calidad",'Entradas a 1.3'!$M$5:$M$360,"Medio de pago") | E14: =COUNTIFS('Entradas a 1.3'!$B$5:$B$360,"Core Tools Premium",'Entradas a 1.3'!$M$5:$M$360,"Medio de pago") | F14: =COUNTIFS('Entradas a 1.3'!$B$5:$B$360,"Manufactura y Calidad",'Entradas a 1.3'!$M$5:$M$360,"Medio de pago")
B15: Siguiente etapa: Ganado | C15: =COUNTIFS('Entradas a 1.3'!$M$5:$M$360,"Ganado") | D15: =COUNTIFS('Entradas a 1.3'!$B$5:$B$360,"ISO + Calidad",'Entradas a 1.3'!$M$5:$M$360,"Ganado") | E15: =COUNTIFS('Entradas a 1.3'!$B$5:$B$360,"Core Tools Premium",'Entradas a 1.3'!$M$5:$M$360,"Ganado") | F15: =COUNTIFS('Entradas a 1.3'!$B$5:$B$360,"Manufactura y Calidad",'Entradas a 1.3'!$M$5:$M$360,"Ganado")
B16: Siguiente etapa: Negativo (lo mandó el bot de 1.3) | C16: =COUNTIFS('Entradas a 1.3'!$M$5:$M$360,"Negativo",'Entradas a 1.3'!$N$5:$N$360,"Bot de 1.3") | D16: =COUNTIFS('Entradas a 1.3'!$B$5:$B$360,"ISO + Calidad",'Entradas a 1.3'!$M$5:$M$360,"Negativo",'Entradas a 1.3'!$N$5:$N$360,"Bot de 1.3") | E16: =COUNTIFS('Entradas a 1.3'!$B$5:$B$360,"Core Tools Premium",'Entradas a 1.3'!$M$5:$M$360,"Negativo",'Entradas a 1.3'!$N$5:$N$360,"Bot de 1.3") | F16: =COUNTIFS('Entradas a 1.3'!$B$5:$B$360,"Manufactura y Calidad",'Entradas a 1.3'!$M$5:$M$360,"Negativo",'Entradas a 1.3'!$N$5:$N$360,"Bot de 1.3")
B17: Siguiente etapa: Perdido | C17: =COUNTIFS('Entradas a 1.3'!$M$5:$M$360,"Perdido") | D17: =COUNTIFS('Entradas a 1.3'!$B$5:$B$360,"ISO + Calidad",'Entradas a 1.3'!$M$5:$M$360,"Perdido") | E17: =COUNTIFS('Entradas a 1.3'!$B$5:$B$360,"Core Tools Premium",'Entradas a 1.3'!$M$5:$M$360,"Perdido") | F17: =COUNTIFS('Entradas a 1.3'!$B$5:$B$360,"Manufactura y Calidad",'Entradas a 1.3'!$M$5:$M$360,"Perdido")
B18: Sigue en 1.3 | C18: =COUNTIFS('Entradas a 1.3'!$M$5:$M$360,"Sigue en 1.3") | D18: =COUNTIFS('Entradas a 1.3'!$B$5:$B$360,"ISO + Calidad",'Entradas a 1.3'!$M$5:$M$360,"Sigue en 1.3") | E18: =COUNTIFS('Entradas a 1.3'!$B$5:$B$360,"Core Tools Premium",'Entradas a 1.3'!$M$5:$M$360,"Sigue en 1.3") | F18: =COUNTIFS('Entradas a 1.3'!$B$5:$B$360,"Manufactura y Calidad",'Entradas a 1.3'!$M$5:$M$360,"Sigue en 1.3")
B19: Después llegó a 1.4 o más (en cualquier momento) | C19: =COUNTIFS('Entradas a 1.3'!$P$5:$P$360,"Sí") | D19: =COUNTIFS('Entradas a 1.3'!$B$5:$B$360,"ISO + Calidad",'Entradas a 1.3'!$P$5:$P$360,"Sí") | E19: =COUNTIFS('Entradas a 1.3'!$B$5:$B$360,"Core Tools Premium",'Entradas a 1.3'!$P$5:$P$360,"Sí") | F19: =COUNTIFS('Entradas a 1.3'!$B$5:$B$360,"Manufactura y Calidad",'Entradas a 1.3'!$P$5:$P$360,"Sí")
B20: Después llegó a un medio de pago | C20: =COUNTIFS('Entradas a 1.3'!$Q$5:$Q$360,"Sí") | D20: =COUNTIFS('Entradas a 1.3'!$B$5:$B$360,"ISO + Calidad",'Entradas a 1.3'!$Q$5:$Q$360,"Sí") | E20: =COUNTIFS('Entradas a 1.3'!$B$5:$B$360,"Core Tools Premium",'Entradas a 1.3'!$Q$5:$Q$360,"Sí") | F20: =COUNTIFS('Entradas a 1.3'!$B$5:$B$360,"Manufactura y Calidad",'Entradas a 1.3'!$Q$5:$Q$360,"Sí")
B21: Después Ganado | C21: =COUNTIFS('Entradas a 1.3'!$R$5:$R$360,"Sí") | D21: =COUNTIFS('Entradas a 1.3'!$B$5:$B$360,"ISO + Calidad",'Entradas a 1.3'!$R$5:$R$360,"Sí") | E21: =COUNTIFS('Entradas a 1.3'!$B$5:$B$360,"Core Tools Premium",'Entradas a 1.3'!$R$5:$R$360,"Sí") | F21: =COUNTIFS('Entradas a 1.3'!$B$5:$B$360,"Manufactura y Calidad",'Entradas a 1.3'!$R$5:$R$360,"Sí")
B22: Respondió en 1.3 y aun así el bot lo mandó al Negativo | C22: =COUNTIFS('Entradas a 1.3'!$S$5:$S$360,"Sí") | D22: =COUNTIFS('Entradas a 1.3'!$B$5:$B$360,"ISO + Calidad",'Entradas a 1.3'!$S$5:$S$360,"Sí") | E22: =COUNTIFS('Entradas a 1.3'!$B$5:$B$360,"Core Tools Premium",'Entradas a 1.3'!$S$5:$S$360,"Sí") | F22: =COUNTIFS('Entradas a 1.3'!$B$5:$B$360,"Manufactura y Calidad",'Entradas a 1.3'!$S$5:$S$360,"Sí")
B24: LAS MISMAS CIFRAS EN PORCENTAJE DE LAS ENTRADAS
B25: Indicador | C25: Total | D25: ISO + Calidad | E25: Core Tools | F25: Manufactura
B26: El bot mandó "¿te hago una llamadita?" | C26: =IF(C$7=0,0,C8/C$7) | D26: =IF(D$7=0,0,D8/D$7) | E26: =IF(E$7=0,0,E8/E$7) | F26: =IF(F$7=0,0,F8/F$7)
B27: El bot mandó "facilidades de pago" | C27: =IF(C$7=0,0,C9/C$7) | D27: =IF(D$7=0,0,D9/D$7) | E27: =IF(E$7=0,0,E9/E$7) | F27: =IF(F$7=0,0,F9/F$7)
B28: Una persona le escribió mientras estaba en 1.3 | C28: =IF(C$7=0,0,C10/C$7) | D28: =IF(D$7=0,0,D10/D$7) | E28: =IF(E$7=0,0,E10/E$7) | F28: =IF(F$7=0,0,F10/F$7)
B29: El cliente respondió en 1.3 | C29: =IF(C$7=0,0,C11/C$7) | D29: =IF(D$7=0,0,D11/D$7) | E29: =IF(E$7=0,0,E11/E$7) | F29: =IF(F$7=0,0,F11/F$7)
B30: Se creó una tarea de llamada | C30: =IF(C$7=0,0,C12/C$7) | D30: =IF(D$7=0,0,D12/D$7) | E30: =IF(E$7=0,0,E12/E$7) | F30: =IF(F$7=0,0,F12/F$7)
B31: Siguiente etapa: 1.4 Facilidades de pago | C31: =IF(C$7=0,0,C13/C$7) | D31: =IF(D$7=0,0,D13/D$7) | E31: =IF(E$7=0,0,E13/E$7) | F31: =IF(F$7=0,0,F13/F$7)
B32: Siguiente etapa: medio de pago | C32: =IF(C$7=0,0,C14/C$7) | D32: =IF(D$7=0,0,D14/D$7) | E32: =IF(E$7=0,0,E14/E$7) | F32: =IF(F$7=0,0,F14/F$7)
B33: Siguiente etapa: Ganado | C33: =IF(C$7=0,0,C15/C$7) | D33: =IF(D$7=0,0,D15/D$7) | E33: =IF(E$7=0,0,E15/E$7) | F33: =IF(F$7=0,0,F15/F$7)
B34: Siguiente etapa: Negativo (lo mandó el bot de 1.3) | C34: =IF(C$7=0,0,C16/C$7) | D34: =IF(D$7=0,0,D16/D$7) | E34: =IF(E$7=0,0,E16/E$7) | F34: =IF(F$7=0,0,F16/F$7)
B35: Siguiente etapa: Perdido | C35: =IF(C$7=0,0,C17/C$7) | D35: =IF(D$7=0,0,D17/D$7) | E35: =IF(E$7=0,0,E17/E$7) | F35: =IF(F$7=0,0,F17/F$7)
B36: Sigue en 1.3 | C36: =IF(C$7=0,0,C18/C$7) | D36: =IF(D$7=0,0,D18/D$7) | E36: =IF(E$7=0,0,E18/E$7) | F36: =IF(F$7=0,0,F18/F$7)
B37: Después llegó a 1.4 o más (en cualquier momento) | C37: =IF(C$7=0,0,C19/C$7) | D37: =IF(D$7=0,0,D19/D$7) | E37: =IF(E$7=0,0,E19/E$7) | F37: =IF(F$7=0,0,F19/F$7)
... B40: Respondió en 1.3 y aun así el bot lo mandó al Negativo | C40: =IF(C$7=0,0,C22/C$7) | D40: =IF(D$7=0,0,D22/D$7) | E40: =IF(E$7=0,0,E22/E$7) | F40: =IF(F$7=0,0,F22/F$7)
B42: RESPUESTA A LOS MENSAJES DEL BOT DE 1.3
B43: Mensaje | C43: Enviados | D43: Respondieron en 30 min | E43: % respuesta en 30 min
B44: "Igual si gustas te puedo hacer una llamadita…" | C44: =COUNTIFS('Entradas a 1.3'!$G$5:$G$360,"Sí") | D44: =COUNTIFS('Entradas a 1.3'!$U$5:$U$360,"Sí") | E44: =IF(C44=0,0,D44/C44)
B45: "…tenemos facilidades de pago 💳 ¿Quieres que te muestre cómo quedaría?" | C45: =COUNTIFS('Entradas a 1.3'!$H$5:$H$360,"Sí") | D45: =COUNTIFS('Entradas a 1.3'!$V$5:$V$360,"Sí") | E45: =IF(C45=0,0,D45/C45)
B47: SEGÚN SI EL CLIENTE RESPONDIÓ DENTRO DE 1.3
B48: Grupo | C48: Entradas | D48: Después 1.4 o más | E48: % 1.4 o más | F48: Después Ganado | G48: % Ganado
B49: El cliente respondió en 1.3 | C49: =COUNTIFS('Entradas a 1.3'!$I$5:$I$360,"Sí") | D49: =COUNTIFS('Entradas a 1.3'!$I$5:$I$360,"Sí",'Entradas a 1.3'!$P$5:$P$360,"Sí") | E49: =IF(C49=0,0,D49/C49) | F49: =COUNTIFS('Entradas a 1.3'!$I$5:$I$360,"Sí",'Entradas a 1.3'!$R$5:$R$360,"Sí") | G49: =IF(C49=0,0,F49/C49)
B50: El cliente no respondió en 1.3 | C50: =COUNTIFS('Entradas a 1.3'!$I$5:$I$360,"No") | D50: =COUNTIFS('Entradas a 1.3'!$I$5:$I$360,"No",'Entradas a 1.3'!$P$5:$P$360,"Sí") | E50: =IF(C50=0,0,D50/C50) | F50: =COUNTIFS('Entradas a 1.3'!$I$5:$I$360,"No",'Entradas a 1.3'!$R$5:$R$360,"Sí") | G50: =IF(C50=0,0,F50/C50)
B52: TIEMPO DENTRO DE 1.3 (MEDIANA)
B53: Indicador | C53: Total | D53: ISO + Calidad | E53: Core Tools | F53: Manufactura
B54: Horas en 1.3 | C54: {=MEDIAN(IF(('Entradas a 1.3'!$A$5:$A$360<>""),IF('Entradas a 1.3'!$O$5:$O$360<>"",'Entradas a 1.3'!$O$5:$O$360)))} | D54: {=MEDIAN(IF(('Entradas a 1.3'!$B$5:$B$360="ISO + Calidad"),IF('Entradas a 1.3'!$O$5:$O$360<>"",'Entradas a 1.3'!$O$5:$O$360)))} | E54: {=MEDIAN(IF(('Entradas a 1.3'!$B$5:$B$360="Core Tools Premium"),IF('Entradas a 1.3'!$O$5:$O$360<>"",'Entradas a 1.3'!$O$5:$O$360)))} | F54: {=MEDIAN(IF(('Entradas a 1.3'!$B$5:$B$360="Manufactura y Calidad"),IF('Entradas a 1.3'!$O$5:$O$360<>"",'Entradas a 1.3'!$O$5:$O$360)))}
B55: Minutos a la respuesta del cliente (si respondió) | C55: {=MEDIAN(IF(('Entradas a 1.3'!$I$5:$I$360="Sí")*('Entradas a 1.3'!$A$5:$A$360<>""),IF('Entradas a 1.3'!$J$5:$J$360<>"",'Entradas a 1.3'!$J$5:$J$360)))} | D55: {=MEDIAN(IF(('Entradas a 1.3'!$I$5:$I$360="Sí")*('Entradas a 1.3'!$B$5:$B$360="ISO + Calidad"),IF('Entradas a 1.3'!$J$5:$J$360<>"",'Entradas a 1.3'!$J$5:$J$360)))} | E55: {=MEDIAN(IF(('Entradas a 1.3'!$I$5:$I$360="Sí")*('Entradas a 1.3'!$B$5:$B$360="Core Tools Premium"),IF('Entradas a 1.3'!$J$5:$J$360<>"",'Entradas a 1.3'!$J$5:$J$360)))} | F55: {=MEDIAN(IF(('Entradas a 1.3'!$I$5:$I$360="Sí")*('Entradas a 1.3'!$B$5:$B$360="Manufactura y Calidad"),IF('Entradas a 1.3'!$J$5:$J$360<>"",'Entradas a 1.3'!$J$5:$J$360)))}
B57: CONTESTARON EL ÁREA A TIEMPO: MOVIDOS A 1.3 CONTRA NO MOVIDOS
B58: Solo leads con 7 días o más desde la pregunta, para que todos hayan tenido el mismo tiempo de seguimiento. Son pocos casos: tomar como referencia, no como efecto demostrado.
B59: Grupo | C59: Leads | D59: Llegaron a 1.4 o más | E59: Llegaron a un medio de pago | F59: Venta | G59: % venta
B60: Movidos a 1.3 | C60: =COUNTIFS('Base leads'!$E$5:$E$1238,"A tiempo (en 1.2)",'Base leads'!$X$5:$X$1238,"Sí",'Base leads'!$N$5:$N$1238,"Sí") | D60: =COUNTIFS('Base leads'!$E$5:$E$1238,"A tiempo (en 1.2)",'Base leads'!$X$5:$X$1238,"Sí",'Base leads'!$N$5:$N$1238,"Sí",'Base leads'!$U$5:$U$1238,"Sí") | E60: =COUNTIFS('Base leads'!$E$5:$E$1238,"A tiempo (en 1.2)",'Base leads'!$X$5:$X$1238,"Sí",'Base leads'!$N$5:$N$1238,"Sí",'Base leads'!$V$5:$V$1238,"Sí") | F60: =COUNTIFS('Base leads'!$E$5:$E$1238,"A tiempo (en 1.2)",'Base leads'!$X$5:$X$1238,"Sí",'Base leads'!$N$5:$N$1238,"Sí",'Base leads'!$W$5:$W$1238,"Sí") | G60: =IF(C60=0,0,F60/C60)
B61: No movidos a 1.3 | C61: =COUNTIFS('Base leads'!$E$5:$E$1238,"A tiempo (en 1.2)",'Base leads'!$X$5:$X$1238,"Sí",'Base leads'!$N$5:$N$1238,"No") | D61: =COUNTIFS('Base leads'!$E$5:$E$1238,"A tiempo (en 1.2)",'Base leads'!$X$5:$X$1238,"Sí",'Base leads'!$N$5:$N$1238,"No",'Base leads'!$U$5:$U$1238,"Sí") | E61: =COUNTIFS('Base leads'!$E$5:$E$1238,"A tiempo (en 1.2)",'Base leads'!$X$5:$X$1238,"Sí",'Base leads'!$N$5:$N$1238,"No",'Base leads'!$V$5:$V$1238,"Sí") | F61: =COUNTIFS('Base leads'!$E$5:$E$1238,"A tiempo (en 1.2)",'Base leads'!$X$5:$X$1238,"Sí",'Base leads'!$N$5:$N$1238,"No",'Base leads'!$W$5:$W$1238,"Sí") | G61: =IF(C61=0,0,F61/C61)
B62: No movidos: el bot los mandó al Negativo | C62: =COUNTIFS('Base leads'!$E$5:$E$1238,"A tiempo (en 1.2)",'Base leads'!$X$5:$X$1238,"Sí",'Base leads'!$N$5:$N$1238,"No",'Base leads'!$S$5:$S$1238,"Negativo (lo mandó el bot)") | D62: =COUNTIFS('Base leads'!$E$5:$E$1238,"A tiempo (en 1.2)",'Base leads'!$X$5:$X$1238,"Sí",'Base leads'!$N$5:$N$1238,"No",'Base leads'!$S$5:$S$1238,"Negativo (lo mandó el bot)",'Base leads'!$U$5:$U$1238,"Sí") | E62: =COUNTIFS('Base leads'!$E$5:$E$1238,"A tiempo (en 1.2)",'Base leads'!$X$5:$X$1238,"Sí",'Base leads'!$N$5:$N$1238,"No",'Base leads'!$S$5:$S$1238,"Negativo (lo mandó el bot)",'Base leads'!$V$5:$V$1238,"Sí") | F62: =COUNTIFS('Base leads'!$E$5:$E$1238,"A tiempo (en 1.2)",'Base leads'!$X$5:$X$1238,"Sí",'Base leads'!$N$5:$N$1238,"No",'Base leads'!$S$5:$S$1238,"Negativo (lo mandó el bot)",'Base leads'!$W$5:$W$1238,"Sí") | G62: =IF(C62=0,0,F62/C62)
B63: No movidos: pasaron directo a 1.4, pago o Ganado | C63: =COUNTIFS('Base leads'!$E$5:$E$1238,"A tiempo (en 1.2)",'Base leads'!$X$5:$X$1238,"Sí",'Base leads'!$N$5:$N$1238,"No",'Base leads'!$S$5:$S$1238,"1.4, pago o Ganado (persona)") | D63: =COUNTIFS('Base leads'!$E$5:$E$1238,"A tiempo (en 1.2)",'Base leads'!$X$5:$X$1238,"Sí",'Base leads'!$N$5:$N$1238,"No",'Base leads'!$S$5:$S$1238,"1.4, pago o Ganado (persona)",'Base leads'!$U$5:$U$1238,"Sí") | E63: =COUNTIFS('Base leads'!$E$5:$E$1238,"A tiempo (en 1.2)",'Base leads'!$X$5:$X$1238,"Sí",'Base leads'!$N$5:$N$1238,"No",'Base leads'!$S$5:$S$1238,"1.4, pago o Ganado (persona)",'Base leads'!$V$5:$V$1238,"Sí") | F63: =COUNTIFS('Base leads'!$E$5:$E$1238,"A tiempo (en 1.2)",'Base leads'!$X$5:$X$1238,"Sí",'Base leads'!$N$5:$N$1238,"No",'Base leads'!$S$5:$S$1238,"1.4, pago o Ganado (persona)",'Base leads'!$W$5:$W$1238,"Sí") | G63: =IF(C63=0,0,F63/C63)
B64: No movidos, con audio | C64: =COUNTIFS('Base leads'!$E$5:$E$1238,"A tiempo (en 1.2)",'Base leads'!$X$5:$X$1238,"Sí",'Base leads'!$N$5:$N$1238,"No",'Base leads'!$K$5:$K$1238,"Sí") | D64: =COUNTIFS('Base leads'!$E$5:$E$1238,"A tiempo (en 1.2)",'Base leads'!$X$5:$X$1238,"Sí",'Base leads'!$N$5:$N$1238,"No",'Base leads'!$K$5:$K$1238,"Sí",'Base leads'!$U$5:$U$1238,"Sí") | E64: =COUNTIFS('Base leads'!$E$5:$E$1238,"A tiempo (en 1.2)",'Base leads'!$X$5:$X$1238,"Sí",'Base leads'!$N$5:$N$1238,"No",'Base leads'!$K$5:$K$1238,"Sí",'Base leads'!$V$5:$V$1238,"Sí") | F64: =COUNTIFS('Base leads'!$E$5:$E$1238,"A tiempo (en 1.2)",'Base leads'!$X$5:$X$1238,"Sí",'Base leads'!$N$5:$N$1238,"No",'Base leads'!$K$5:$K$1238,"Sí",'Base leads'!$W$5:$W$1238,"Sí") | G64: =IF(C64=0,0,F64/C64)
B65: No movidos, sin audio | C65: =COUNTIFS('Base leads'!$E$5:$E$1238,"A tiempo (en 1.2)",'Base leads'!$X$5:$X$1238,"Sí",'Base leads'!$N$5:$N$1238,"No",'Base leads'!$K$5:$K$1238,"No") | D65: =COUNTIFS('Base leads'!$E$5:$E$1238,"A tiempo (en 1.2)",'Base leads'!$X$5:$X$1238,"Sí",'Base leads'!$N$5:$N$1238,"No",'Base leads'!$K$5:$K$1238,"No",'Base leads'!$U$5:$U$1238,"Sí") | E65: =COUNTIFS('Base leads'!$E$5:$E$1238,"A tiempo (en 1.2)",'Base leads'!$X$5:$X$1238,"Sí",'Base leads'!$N$5:$N$1238,"No",'Base leads'!$K$5:$K$1238,"No",'Base leads'!$V$5:$V$1238,"Sí") | F65: =COUNTIFS('Base leads'!$E$5:$E$1238,"A tiempo (en 1.2)",'Base leads'!$X$5:$X$1238,"Sí",'Base leads'!$N$5:$N$1238,"No",'Base leads'!$K$5:$K$1238,"No",'Base leads'!$W$5:$W$1238,"Sí") | G65: =IF(C65=0,0,F65/C65)

Sheet Base leads
A1: Base de leads
A2: Un renglón por lead que recibió la pregunta del área en los 3 embudos. Minutos en tiempo real (no solo horario laboral).
A4: Lead | B4: Embudo | C4: Semana (lunes) | D4: Contestó la pregunta del área | E4: Cuándo contestó | F4: Min. en contestar | G4: Preguntó precio o pago | H4: Primera persona que le contestó | I4: Min. a la primera respuesta de una persona | J4: Plantilla "audio rapidito" | K4: Le mandaron audio | L4: Quién mandó el audio | M4: Min. al audio | N4: Movido a 1.3 | O4: Quién lo movió a 1.3 | P4: Min. de su respuesta a 1.3 | Q4: Movido antes de que el bot lo mandara al Negativo | R4: Qué hicieron después de su respuesta | S4: Si no se movió a 1.3, a dónde fue | T4: Franja de su respuesta | U4: Llegó a 1.4 o más | V4: Llegó a un medio de pago | W4: Venta (Ganado o pago confirmado) | X4: Con 7 días o más | Y4: Etapa actual
A5: 267 | B5: Manufactura y Calidad | C5: 05/10/2026 | D5: Sí | E5: A tiempo (en 1.2) | F5: 2.8 | G5: No | H5: Salma Santos Hernández | I5: 0.5 | J5: Sí | K5: Sí | L5: Salma Santos Hernández | M5: 4 | N5: Sí | O5: Salma Santos Hernández | P5: 4.3 | Q5: Sí | R5: Audio y después 1.3 | T5: 9 a 18 h | U5: Sí | V5: No | W5: No | X5: Sí | Y5: Perdido
A6: 268 | B6: Core Tools Premium | C6: 05/10/2026 | D6: Sí | E6: Tarde (ya fuera de 1.2) | F6: 1367.6 | G6: Sí | H6: Joceline Sarahi Benavides Serrano | I6: 10.7 | J6: No | K6: Sí | L6: Joceline Sarahi Benavides Serrano | M6: 10.7 | N6: No | R6: Audio sin mover a 1.3 | S6: Negativo (lo mandó el bot) | T6: 9 a 18 h | U6: No | V6: No | W6: No | X6: Sí | Y6: Perdido
A7: 271 | B7: ISO + Calidad | C7: 05/10/2026 | D7: No | E7: No contestó | U7: No | V7: No | W7: No | X7: Sí | Y7: Perdido
A8: 276 | B8: ISO + Calidad | C8: 05/10/2026 | D8: Sí | E8: A tiempo (en 1.2) | F8: 0.6 | G8: No | H8: Salma Santos Hernández | I8: 0.3 | J8: Sí | K8: Sí | L8: Salma Santos Hernández | M8: 2.8 | N8: Sí | O8: Salma Santos Hernández | P8: 3.7 | Q8: Sí | R8: Audio y después 1.3 | T8: 9 a 18 h | U8: No | V8: No | W8: No | X8: Sí | Y8: Perdido
A9: 278 | B9: ISO + Calidad | C9: 05/10/2026 | D9: Sí | E9: A tiempo (en 1.2) | F9: 0.8 | G9: No | H9: Salma Santos Hernández | I9: 0.3 | J9: Sí | K9: Sí | L9: Salma Santos Hernández | M9: 2.6 | N9: Sí | O9: Salma Santos Hernández | P9: 2.9 | Q9: Sí | R9: Audio y después 1.3 | T9: 9 a 18 h | U9: No | V9: No | W9: No | X9: Sí | Y9: Perdido
A10: 282 | B10: ISO + Calidad | C10: 05/10/2026 | D10: No | E10: No contestó | U10: No | V10: No | W10: No | X10: Sí | Y10: Perdido
A11: 277 | B11: ISO + Calidad | C11: 05/10/2026 | D11: Sí | E11: A tiempo (en 1.2) | F11: 71.2 | G11: No | H11: José Alexander Morales | I11: 2.2 | J11: Sí | K11: Sí | L11: José Alexander Morales | M11: 8.5 | N11: Sí | O11: José Alexander Morales | P11: 8.9 | Q11: Sí | R11: Audio y después 1.3 | T11: 9 a 18 h | U11: No | V11: No | W11: No | X11: Sí | Y11: Perdido
A12: 280 | B12: ISO + Calidad | C12: 05/10/2026 | D12: No | E12: No contestó | U12: No | V12: No | W12: No | X12: Sí | Y12: Perdido
A13: 286 | B13: Core Tools Premium | C13: 05/10/2026 | D13: Sí | E13: A tiempo (en 1.2) | F13: 1.1 | G13: No | H13: Ana Victoria de Leon | I13: 0.2 | J13: Sí | K13: Sí | L13: Ana Victoria de Leon | M13: 5.1 | N13: Sí | O13: Ana Victoria de Leon | P13: 6.1 | Q13: Sí | R13: Audio y después 1.3 | T13: 9 a 18 h | U13: Sí | V13: Sí | W13: No | X13: Sí | Y13: Perdido
A14: 285 | B14: ISO + Calidad | C14: 05/10/2026 | D14: No | E14: No contestó | U14: No | V14: No | W14: No | X14: Sí | Y14: Perdido
A15: 291 | B15: ISO + Calidad | C15: 05/10/2026 | D15: No | E15: No contestó | U15: No | V15: No | W15: No | X15: Sí | Y15: Perdido
A16: 287 | B16: ISO + Calidad | C16: 05/10/2026 | D16: Sí | E16: A tiempo (en 1.2) | F16: 28.8 | G16: No | H16: Salma Santos Hernández | I16: 4 | J16: Sí | K16: Sí | L16: Salma Santos Hernández | M16: 10.8 | N16: Sí | O16: Salma Santos Hernández | P16: 11.6 | Q16: Sí | R16: Audio y después 1.3 | T16: 9 a 18 h | U16: No | V16: No | W16: No | X16: Sí | Y16: Perdido
A17: 289 | B17: Manufactura y Calidad | C17: 05/10/2026 | D17: Sí | E17: A tiempo (en 1.2) | F17: 72.7 | G17: No | H17: José Alexander Morales | I17: 1.3 | J17: No | K17: No | N17: No | R17: Ni audio ni 1.3 | S17: Negativo (lo mandó el bot) | T17: 9 a 18 h | U17: No | V17: No | W17: No | X17: Sí | Y17: Perdido
A18: 292 | B18: ISO + Calidad | C18: 05/10/2026 | D18: No | E18: No contestó | U18: No | V18: No | W18: No | X18: Sí | Y18: Perdido
A19: 296 | B19: ISO + Calidad | C19: 05/10/2026 | D19: Sí | E19: A tiempo (en 1.2) | F19: 29.8 | G19: No | H19: Salma Santos Hernández | I19: 0.2 | J19: Sí | K19: Sí | L19: Salma Santos Hernández | M19: 6.2 | N19: Sí | O19: Salma Santos Hernández | P19: 6.4 | Q19: Sí | R19: Audio y después 1.3 | T19: 9 a 18 h | U19: No | V19: No | W19: No | X19: Sí | Y19: Perdido
A20: 295 | B20: ISO + Calidad | C20: 05/10/2026 | D20: Sí | E20: A tiempo (en 1.2) | F20: 7.2 | G20: No | H20: Ana Victoria de Leon | I20: 0.6 | J20: No | K20: No | N20: No | R20: Ni audio ni 1.3 | S20: Negativo (lo mandó el bot) | T20: 9 a 18 h | U20: No | V20: No | W20: No | X20: Sí | Y20: Perdido
A21: 294 | B21: Core Tools Premium | C21: 05/10/2026 | D21: No | E21: No contestó | U21: No | V21: No | W21: No | X21: Sí | Y21: Perdido
A22: 298 | B22: ISO + Calidad | C22: 05/10/2026 | D22: Sí | E22: A tiempo (en 1.2) | F22: 0.8 | G22: Sí | H22: Salma Santos Hernández | I22: 0.1 | J22: Sí | K22: Sí | L22: Salma Santos Hernández | M22: 3.2 | N22: Sí | O22: Salma Santos Hernández | P22: 3.4 | Q22: Sí | R22: Audio y después 1.3 | T22: 9 a 18 h | U22: Sí | V22: No | W22: No | X22: Sí | Y22: Perdido
A23: 301 | B23: Core Tools Premium | C23: 05/10/2026 | D23: No | E23: No contestó | U23: No | V23: No | W23: No | X23: Sí | Y23: Perdido
A24: 300 | B24: Core Tools Premium | C24: 05/10/2026 | D24: No | E24: No contestó | U24: No | V24: No | W24: No | X24: Sí | Y24: Perdido
A25: 307 | B25: ISO + Calidad | C25: 05/10/2026 | D25: No | E25: No contestó | U25: No | V25: No | W25: No | X25: Sí | Y25: Perdido
A26: 309 | B26: Manufactura y Calidad | C26: 05/10/2026 | D26: Sí | E26: A tiempo (en 1.2) | F26: 1.4 | G26: No | H26: Ana Victoria de Leon | I26: 2.2 | J26: No | K26: No | N26: Sí | O26: Ana Victoria de Leon | P26: 2.4 | Q26: Sí | R26: Movido a 1.3 sin audio | T26: 9 a 18 h | U26: No | V26: No | W26: No | X26: Sí | Y26: Perdido
A27: 310 | B27: Core Tools Premium | C27: 05/10/2026 | D27: No | E27: No contestó | U27: No | V27: No | W27: No | X27: Sí | Y27: Perdido
A28: 308 | B28: ISO + Calidad | C28: 05/10/2026 | D28: Sí | E28: A tiempo (en 1.2) | F28: 53.3 | G28: No | H28: Salma Santos Hernández | I28: 10 | J28: Sí | K28: Sí | L28: Salma Santos Hernández | M28: 24 | N28: Sí | O28: Salma Santos Hernández | P28: 24.1 | Q28: Sí | R28: Audio y después 1.3 | T28: 18 a 22 h | U28: Sí | V28: No | W28: No | X28: Sí | Y28: Perdido
A29: 313 | B29: ISO + Calidad | C29: 05/10/2026 | D29: Sí | E29: A tiempo (en 1.2) | F29: 9.8 | G29: No | H29: Ana Victoria de Leon | I29: 1.6 | J29: No | K29: No | N29: Sí | O29: Ana Victoria de Leon | P29: 1.7 | Q29: Sí | R29: Movido a 1.3 sin audio | T29: 9 a 18 h | U29: No | V29: No | W29: No | X29: Sí | Y29: Perdido
A30: 311 | B30: ISO + Calidad | C30: 05/10/2026 | D30: No | E30: No contestó | U30: No | V30: No | W30: No | X30: Sí | Y30: Perdido
A31: 314 | B31: ISO + Calidad | C31: 05/10/2026 | D31: No | E31: No contestó | U31: No | V31: No | W31: No | X31: Sí | Y31: Perdido
A32: 317 | B32: ISO + Calidad | C32: 05/10/2026 | D32: Sí | E32: A tiempo (en 1.2) | F32: 1.4 | G32: Sí | H32: Ana Victoria de Leon | I32: 4.1 | J32: No | K32: No | N32: Sí | O32: Ana Victoria de Leon | P32: 4.3 | Q32: Sí | R32: Movido a 1.3 sin audio | T32: 18 a 22 h | U32: Sí | V32: Sí | W32: No | X32: Sí | Y32: Perdido
A33: 321 | B33: ISO + Calidad | C33: 05/10/2026 | D33: No | E33: No contestó | U33: No | V33: No | W33: No | X33: Sí | Y33: Perdido
A34: 319 | B34: ISO + Calidad | C34: 05/10/2026 | D34: No | E34: No contestó | U34: No | V34: No | W34: No | X34: Sí | Y34: Perdido
A35: 322 | B35: ISO + Calidad | C35: 05/10/2026 | D35: No | E35: No contestó | U35: No | V35: No | W35: No | X35: Sí | Y35: Perdido
A36: 323 | B36: ISO + Calidad | C36: 05/10/2026 | D36: No | E36: No contestó | U36: No | V36: No | W36: No | X36: Sí | Y36: Perdido
A37: 326 | B37: Manufactura y Calidad | C37: 05/10/2026 | D37: No | E37: No contestó | U37: No | V37: No | W37: No | X37: Sí | Y37: Perdido
A38: 327 | B38: Core Tools Premium | C38: 05/10/2026 | D38: Sí | E38: A tiempo (en 1.2) | F38: 4.2 | G38: No | H38: Ana Victoria de Leon | I38: 12.2 | J38: No | K38: No | N38: Sí | O38: Ana Victoria de Leon | P38: 12.3 | Q38: Sí | R38: Movido a 1.3 sin audio | T38: 18 a 22 h | U38: Sí | V38: Sí | W38: Sí | X38: Sí | Y38: Ganado
A39: 330 | B39: ISO + Calidad | C39: 05/10/2026 | D39: No | E39: No contestó | U39: No | V39: No | W39: No | X39: Sí | Y39: Perdido
A40: 329 | B40: Manufactura y Calidad | C40: 05/10/2026 | D40: No | E40: No contestó | U40: No | V40: No | W40: No | X40: Sí | Y40: Perdido
A41: 336 | B41: ISO + Calidad | C41: 05/10/2026 | D41: Sí | E41: Tarde (ya fuera de 1.2) | F41: 5661.5 | G41: No | J41: No | K41: No | N41: No | R41: Ni audio ni 1.3 | S41: Negativo (lo mandó el bot) | T41: 18 a 22 h | U41: No | V41: No | W41: No | X41: Sí | Y41: Perdido
A42: 337 | B42: Core Tools Premium | C42: 05/10/2026 | D42: No | E42: No contestó | U42: No | V42: No | W42: No | X42: Sí | Y42: Perdido
A43: 331 | B43: ISO + Calidad | C43: 05/10/2026 | D43: No | E43: No contestó | U43: No | V43: No | W43: No | X43: Sí | Y43: Perdido
A44: 334 | B44: ISO + Calidad | C44: 05/10/2026 | D44: No | E44: No contestó | U44: No | V44: No | W44: No | X44: Sí | Y44: Perdido
A45: 335 | B45: ISO + Calidad | C45: 05/10/2026 | D45: No | E45: No contestó | U45: No | V45: No | W45: No | X45: Sí | Y45: Perdido
A46: 341 | B46: Core Tools Premium | C46: 05/10/2026 | D46: No | E46: No contestó | U46: No | V46: No | W46: No | X46: Sí | Y46: Perdido
A47: 342 | B47: ISO + Calidad | C47: 05/10/2026 | D47: No | E47: No contestó | U47: No | V47: No | W47: No | X47: Sí | Y47: Perdido
A48: 343 | B48: Core Tools Premium | C48: 05/10/2026 | D48: Sí | E48: A tiempo (en 1.2) | F48: 0.8 | G48: No | H48: Salma Santos Hernández | I48: 0.3 | J48: Sí | K48: Sí | L48: Salma Santos Hernández | M48: 5.7 | N48: Sí | O48: Salma Santos Hernández | P48: 5.8 | Q48: Sí | R48: Audio y después 1.3 | T48: 22 a 9 h | U48: No | V48: No | W48: No | X48: Sí | Y48: Perdido
A49: 348 | B49: ISO + Calidad | C49: 05/10/2026 | D49: Sí | E49: A tiempo (en 1.2) | F49: 19.8 | G49: No | H49: Joceline Sarahi Benavides Serrano | I49: 3.4 | J49: Sí | K49: Sí | L49: Joceline Sarahi Benavides Serrano | M49: 8.5 | N49: No | R49: Audio sin mover a 1.3 | S49: Negativo (lo mandó el bot) | T49: 9 a 18 h | U49: Sí | V49: Sí | W49: No | X49: Sí | Y49: Perdido
A50: 347 | B50: Manufactura y Calidad | C50: 05/10/2026 | D50: No | E50: No contestó | U50: No | V50: No | W50: No | X50: Sí | Y50: Perdido
A51: 350 | B51: ISO + Calidad | C51: 05/10/2026 | D51: Sí | E51: A tiempo (en 1.2) | F51: 8.1 | G51: No | H51: Joceline Sarahi Benavides Serrano | I51: 0.7 | J51: Sí | K51: Sí | L51: Joceline Sarahi Benavides Serrano | M51: 7.4 | N51: No | R51: Audio sin mover a 1.3 | S51: Perdido (persona) | T51: 9 a 18 h | U51: No | V51: No | W51: No | X51: Sí | Y51: Perdido
A52: 355 | B52: Core Tools Premium | C52: 05/10/2026 | D52: Sí | E52: Tarde (ya fuera de 1.2) | F52: 1558.2 | G52: Sí | H52: Joceline Sarahi Benavides Serrano | I52: 4.2 | J52: No | K52: No | N52: No | R52: Ni audio ni 1.3 | S52: Negativo (lo mandó el bot) | T52: 9 a 18 h | U52: No | V52: No | W52: No | X52: Sí | Y52: Perdido
A53: 357 | B53: ISO + Calidad | C53: 05/10/2026 | D53: No | E53: No contestó | U53: No | V53: No | W53: No | X53: Sí | Y53: Perdido
A54: 359 | B54: ISO + Calidad | C54: 05/10/2026 | D54: Sí | E54: A tiempo (en 1.2) | F54: 2 | G54: No | H54: Joceline Sarahi Benavides Serrano | I54: 3.9 | J54: Sí | K54: Sí | L54: Salma Santos Hernández | M54: 15.6 | N54: Sí | O54: Salma Santos Hernández | P54: 15.7 | Q54: Sí | R54: Audio y después 1.3 | T54: 9 a 18 h | U54: No | V54: No | W54: No | X54: Sí | Y54: Perdido
A55: 363 | B55: Manufactura y Calidad | C55: 05/10/2026 | D55: Sí | E55: A tiempo (en 1.2) | F55: 0.6 | G55: No | H55: Joceline Sarahi Benavides Serrano | I55: 0.9 | J55: Sí | K55: Sí | L55: Joceline Sarahi Benavides Serrano | M55: 5 | N55: No | R55: Audio sin mover a 1.3 | S55: 1.4, pago o Ganado (persona) | T55: 9 a 18 h | U55: Sí | V55: Sí | W55: Sí | X55: Sí | Y55: Ganado
A56: 361 | B56: Manufactura y Calidad | C56: 05/10/2026 | D56: Sí | E56: Tarde (ya fuera de 1.2) | F56: 4487 | G56: Sí | H56: Salma Santos Hernández | I56: 2.8 | J56: No | K56: No | N56: No | R56: Ni audio ni 1.3 | S56: Negativo (lo mandó el bot) | T56: 9 a 18 h | U56: Sí | V56: Sí | W56: Sí | X56: Sí | Y56: Ganado
A57: 366 | B57: ISO + Calidad | C57: 05/10/2026 | D57: Sí | E57: A tiempo (en 1.2) | F57: 0.4 | G57: No | H57: Joceline Sarahi Benavides Serrano | I57: 6.1 | J57: Sí | K57: Sí | L57: Joceline Sarahi Benavides Serrano | M57: 11.1 | N57: No | R57: Audio sin mover a 1.3 | S57: Negativo (lo mandó el bot) | T57: 9 a 18 h | U57: No | V57: No | W57: No | X57: Sí | Y57: Perdido
A58: 367 | B58: ISO + Calidad | C58: 05/10/2026 | D58: Sí | E58: A tiempo (en 1.2) | F58: 3 | G58: No | H58: Joceline Sarahi Benavides Serrano | I58: 7.1 | J58: Sí | K58: Sí | L58: Joceline Sarahi Benavides Serrano | M58: 13.3 | N58: No | R58: Audio sin mover a 1.3 | S58: Negativo (lo mandó el bot) | T58: 9 a 18 h | U58: No | V58: No | W58: No | X58: Sí | Y58: Perdido
A59: 369 | B59: ISO + Calidad | C59: 05/10/2026 | D59: Sí | E59: A tiempo (en 1.2) | F59: 8.7 | G59: No | H59: Salma Santos Hernández | I59: 0.3 | J59: Sí | K59: Sí | L59: Salma Santos Hernández | M59: 4.8 | N59: Sí | O59: Salma Santos Hernández | P59: 4.9 | Q59: Sí | R59: Audio y después 1.3 | T59: 9 a 18 h | U59: No | V59: No | W59: No | X59: Sí | Y59: Perdido
A60: 371 | B60: Core Tools Premium | C60: 05/10/2026 | D60: Sí | E60: Tarde (ya fuera de 1.2) | F60: 4526.7 | G60: No | H60: Salma Santos Hernández | I60: 3.3 | J60: No | K60: No | N60: No | R60: Ni audio ni 1.3 | S60: Negativo (lo mandó el bot) | T60: 9 a 18 h | U60: No | V60: No | W60: No | X60: Sí | Y60: Perdido
A61: 375 | B61: Manufactura y Calidad | C61: 05/10/2026 | D61: Sí | E61: A tiempo (en 1.2) | F61: 9.7 | G61: No | H61: Salma Santos Hernández | I61: 5.3 | J61: No | K61: No | N61: No | R61: Ni audio ni 1.3 | S61: 1.4, pago o Ganado (persona) | T61: 9 a 18 h | U61: Sí | V61: Sí | W61: Sí | X61: Sí | Y61: Ganado
A62: 376 | B62: ISO + Calidad | C62: 05/10/2026 | D62: Sí | E62: A tiempo (en 1.2) | F62: 5.4 | G62: No | H62: Salma Santos Hernández | I62: 12.1 | J62: Sí | K62: Sí | L62: Salma Santos Hernández | M62: 15.8 | N62: Sí | O62: Salma Santos Hernández | P62: 15.9 | Q62: Sí | R62: Audio y después 1.3 | T62: 9 a 18 h | U62: No | V62: No | W62: No | X62: Sí | Y62: Perdido
A63: 377 | B63: Manufactura y Calidad | C63: 05/10/2026 | D63: No | E63: No contestó | U63: No | V63: No | W63: No | X63: Sí | Y63: Perdido
A64: 373 | B64: Core Tools Premium | C64: 05/10/2026 | D64: No | E64: No contestó | U64: No | V64: No | W64: No | X64: Sí | Y64: Perdido
A65: 382 | B65: Manufactura y Calidad | C65: 05/10/2026 | D65: Sí | E65: Tarde (ya fuera de 1.2) | F65: 253 | G65: Sí | H65: José Alexander Morales | I65: 37.4 | J65: No | K65: No | N65: No | R65: Ni audio ni 1.3 | S65: Negativo (lo mandó el bot) | T65: 9 a 18 h | U65: Sí | V65: Sí | W65: Sí | X65: Sí | Y65: Ganado
A66: 378 | B66: ISO + Calidad | C66: 05/10/2026 | D66: No | E66: No contestó | U66: No | V66: No | W66: No | X66: Sí | Y66: Perdido
A67: 388 | B67: ISO + Calidad | C67: 05/10/2026 | D67: Sí | E67: A tiempo (en 1.2) | F67: 1.4 | G67: No | H67: Salma Santos Hernández | I67: 1.3 | J67: Sí | K67: Sí | L67: Salma Santos Hernández | M67: 4.4 | N67: Sí | O67: Salma Santos Hernández | P67: 4.5 | Q67: Sí | R67: Audio y después 1.3 | T67: 9 a 18 h | U67: No | V67: No | W67: No | X67: Sí | Y67: Perdido
A68: 397 | B68: Manufactura y Calidad | C68: 05/10/2026 | D68: No | E68: No contestó | U68: No | V68: No | W68: No | X68: Sí | Y68: Perdido
A69: 398 | B69: ISO + Calidad | C69: 05/10/2026 | D69: No | E69: No contestó | U69: No | V69: No | W69: No | X69: Sí | Y69: Perdido
A70: 404 | B70: ISO + Calidad | C70: 05/10/2026 | D70: No | E70: No contestó | U70: No | V70: No | W70: No | X70: Sí | Y70: Perdido
A71: 392 | B71: ISO + Calidad | C71: 05/10/2026 | D71: No | E71: No contestó | U71: No | V71: No | W71: No | X71: Sí | Y71: Perdido
A72: 406 | B72: ISO + Calidad | C72: 05/10/2026 | D72: No | E72: No contestó | U72: No | V72: No | W72: No | X72: Sí | Y72: Perdido
A73: 407 | B73: ISO + Calidad | C73: 05/10/2026 | D73: No | E73: No contestó | U73: No | V73: No | W73: No | X73: Sí | Y73: Perdido
A74: 413 | B74: ISO + Calidad | C74: 05/10/2026 | D74: No | E74: No contestó | U74: No | V74: No | W74: No | X74: Sí | Y74: Perdido
A75: 417 | B75: ISO + Calidad | C75: 05/10/2026 | D75: Sí | E75: A tiempo (en 1.2) | F75: 4.1 | G75: No | H75: José Alexander Morales | I75: 0.8 | J75: Sí | K75: Sí | L75: José Alexander Morales | M75: 5.3 | N75: Sí | O75: José Alexander Morales | P75: 5.9 | Q75: Sí | R75: Audio y después 1.3 | T75: 9 a 18 h | U75: No | V75: No | W75: No | X75: Sí | Y75: Perdido
A76: 422 | B76: ISO + Calidad | C76: 05/10/2026 | D76: No | E76: No contestó | U76: No | V76: No | W76: No | X76: Sí | Y76: Perdido
A77: 423 | B77: ISO + Calidad | C77: 05/10/2026 | D77: Sí | E77: A tiempo (en 1.2) | F77: 1.5 | G77: No | H77: José Alexander Morales | I77: 2.5 | J77: Sí | K77: Sí | L77: José Alexander Morales | M77: 5.2 | N77: Sí | O77: José Alexander Morales | P77: 4.1 | Q77: Sí | R77: 1.3 y después audio | T77: 9 a 18 h | U77: No | V77: No | W77: No | X77: Sí | Y77: Perdido
A78: 420 | B78: Manufactura y Calidad | C78: 05/10/2026 | D78: Sí | E78: A tiempo (en 1.2) | F78: 59.5 | G78: No | H78: Ana Victoria de Leon | I78: 52.7 | J78: No | K78: No | N78: No | R78: Ni audio ni 1.3 | S78: Negativo (lo mandó el bot) | T78: 9 a 18 h | U78: No | V78: No | W78: No | X78: Sí | Y78: Perdido
A79: 424 | B79: ISO + Calidad | C79: 05/10/2026 | D79: No | E79: No contestó | U79: No | V79: No | W79: No | X79: Sí | Y79: Perdido
A80: 433 | B80: ISO + Calidad | C80: 05/10/2026 | D80: Sí | E80: A tiempo (en 1.2) | F80: 2.1 | G80: No | H80: Salma Santos Hernández | I80: 0.5 | J80: Sí | K80: Sí | L80: Salma Santos Hernández | M80: 6.2 | N80: Sí | O80: Salma Santos Hernández | P80: 6.6 | Q80: Sí | R80: Audio y después 1.3 | T80: 9 a 18 h | U80: No | V80: No | W80: No | X80: Sí | Y80: Perdido
A81: 435 | B81: ISO + Calidad | C81: 05/10/2026 | D81: Sí | E81: A tiempo (en 1.2) | F81: 0.4 | G81: No | H81: Ana Victoria de Leon | I81: 0.4 | J81: Sí | K81: Sí | L81: Ana Victoria de Leon | M81: 3.9 | N81: Sí | O81: Ana Victoria de Leon | P81: 4.8 | Q81: Sí | R81: Audio y después 1.3 | T81: 9 a 18 h | U81: No | V81: No | W81: No | X81: Sí | Y81: Perdido
A82: 438 | B82: ISO + Calidad | C82: 05/10/2026 | D82: Sí | E82: A tiempo (en 1.2) | F82: 5 | G82: No | H82: Ana Victoria de Leon | I82: 3.7 | J82: No | K82: Sí | L82: Ana Victoria de Leon | M82: 3.7 | N82: Sí | O82: Ana Victoria de Leon | P82: 4.7 | Q82: Sí | R82: Audio y después 1.3 | T82: 9 a 18 h | U82: No | V82: No | W82: No | X82: Sí | Y82: Perdido
A83: 442 | B83: ISO + Calidad | C83: 05/10/2026 | D83: No | E83: No contestó | U83: No | V83: No | W83: No | X83: Sí | Y83: Perdido
A84: 440 | B84: ISO + Calidad | C84: 05/10/2026 | D84: No | E84: No contestó | U84: No | V84: No | W84: No | X84: Sí | Y84: Perdido
A85: 445 | B85: Core Tools Premium | C85: 05/10/2026 | D85: No | E85: No contestó | U85: No | V85: No | W85: No | X85: Sí | Y85: Perdido
A86: 446 | B86: Core Tools Premium | C86: 05/10/2026 | D86: Sí | E86: A tiempo (en 1.2) | F86: 43.3 | G86: No | H86: José Alexander Morales | I86: 5.6 | J86: No | K86: Sí | L86: José Alexander Morales | M86: 5.6 | N86: Sí | O86: José Alexander Morales | P86: 5.2 | Q86: Sí | R86: 1.3 y después audio | T86: 18 a 22 h | U86: Sí | V86: Sí | W86: No | X86: Sí | Y86: Perdido
A87: 449 | B87: Core Tools Premium | C87: 05/10/2026 | D87: Sí | E87: A tiempo (en 1.2) | F87: 0.5 | G87: No | H87: José Alexander Morales | I87: 5.7 | J87: Sí | K87: Sí | L87: José Alexander Morales | M87: 10.6 | N87: Sí | O87: José Alexander Morales | P87: 9.5 | Q87: Sí | R87: 1.3 y después audio | T87: 18 a 22 h | U87: No | V87: No | W87: No | X87: Sí | Y87: Perdido
A88: 450 | B88: ISO + Calidad | C88: 05/10/2026 | D88: Sí | E88: A tiempo (en 1.2) | F88: 6.1 | G88: No | H88: José Alexander Morales | I88: 2.4 | J88: Sí | K88: Sí | L88: José Alexander Morales | M88: 6.5 | N88: Sí | O88: José Alexander Morales | P88: 5.6 | Q88: Sí | R88: 1.3 y después audio | T88: 18 a 22 h | U88: Sí | V88: No | W88: No | X88: Sí | Y88: Perdido
A89: 455 | B89: ISO + Calidad | C89: 05/10/2026 | D89: Sí | E89: A tiempo (en 1.2) | F89: 9.9 | G89: No | H89: José Alexander Morales | I89: 1.7 | J89: Sí | K89: Sí | L89: José Alexander Morales | M89: 4.8 | N89: Sí | O89: José Alexander Morales | P89: 3.9 | Q89: Sí | R89: 1.3 y después audio | T89: 18 a 22 h | U89: No | V89: No | W89: No | X89: Sí | Y89: Perdido
A90: 454 | B90: ISO + Calidad | C90: 05/10/2026 | D90: No | E90: No contestó | U90: No | V90: No | W90: No | X90: Sí | Y90: Perdido
A91: 459 | B91: ISO + Calidad | C91: 05/10/2026 | D91: Sí | E91: A tiempo (en 1.2) | F91: 1.3 | G91: No | H91: José Alexander Morales | I91: 0.3 | J91: Sí | K91: Sí | L91: José Alexander Morales | M91: 3.5 | N91: Sí | O91: José Alexander Morales | P91: 0.7 | Q91: Sí | R91: 1.3 y después audio | T91: 18 a 22 h | U91: No | V91: No | W91: No | X91: Sí | Y91: Perdido
A92: 461 | B92: ISO + Calidad | C92: 05/10/2026 | D92: Sí | E92: A tiempo (en 1.2) | F92: 0.9 | G92: No | H92: José Alexander Morales | I92: 1.2 | J92: Sí | K92: Sí | L92: José Alexander Morales | M92: 14.4 | N92: Sí | O92: José Alexander Morales | P92: 14.9 | Q92: Sí | R92: Audio y después 1.3 | T92: 18 a 22 h | U92: No | V92: No | W92: No | X92: Sí | Y92: Perdido
A93: 465 | B93: Manufactura y Calidad | C93: 05/10/2026 | D93: No | E93: No contestó | U93: No | V93: No | W93: No | X93: Sí | Y93: Perdido
A94: 470 | B94: Core Tools Premium | C94: 05/10/2026 | D94: Sí | E94: A tiempo (en 1.2) | F94: 0.6 | G94: No | H94: Ana Victoria de Leon | I94: 2.3 | J94: No | K94: Sí | L94: Ana Victoria de Leon | M94: 2.3 | N94: Sí | O94: Ana Victoria de Leon | P94: 2.9 | Q94: Sí | R94: Audio y después 1.3 | T94: 18 a 22 h | U94: No | V94: No | W94: No | X94: Sí | Y94: Perdido
A95: 474 | B95: ISO + Calidad | C95: 05/10/2026 | D95: No | E95: No contestó | U95: No | V95: No | W95: No | X95: Sí | Y95: Perdido
A96: 467 | B96: ISO + Calidad | C96: 05/10/2026 | D96: Sí | E96: Tarde (ya fuera de 1.2) | F96: 2191.3 | G96: No | H96: Joceline Sarahi Benavides Serrano | I96: 1 | J96: Sí | K96: Sí | L96: Joceline Sarahi Benavides Serrano | M96: 7.4 | N96: No | R96: Audio sin mover a 1.3 | S96: Negativo (lo mandó el bot) | T96: 9 a 18 h | U96: No | V96: No | W96: No | X96: Sí | Y96: Perdido
A97: 478 | B97: ISO + Calidad | C97: 05/10/2026 | D97: Sí | E97: A tiempo (en 1.2) | F97: 17 | G97: No | H97: José Alexander Morales | I97: 0.4 | J97: Sí | K97: Sí | L97: José Alexander Morales | M97: 6.4 | N97: Sí | O97: José Alexander Morales | P97: 0.5 | Q97: Sí | R97: 1.3 y después audio | T97: 22 a 9 h | U97: No | V97: No | W97: No | X97: Sí | Y97: Perdido
A98: 476 | B98: Manufactura y Calidad | C98: 05/10/2026 | D98: No | E98: No contestó | U98: No | V98: No | W98: No | X98: Sí | Y98: Perdido
A99: 481 | B99: Core Tools Premium | C99: 05/10/2026 | D99: No | E99: No contestó | U99: No | V99: No | W99: No | X99: Sí | Y99: Perdido
A100: 484 | B100: ISO + Calidad | C100: 05/10/2026 | D100: Sí | E100: A tiempo (en 1.2) | F100: 0.5 | G100: No | H100: José Alexander Morales | I100: 0.7 | J100: Sí | K100: Sí | L100: José Alexander Morales | M100: 8.2 | N100: Sí | O100: José Alexander Morales | P100: 3.7 | Q100: Sí | R100: 1.3 y después audio | T100: 22 a 9 h | U100: No | V100: No | W100: No | X100: Sí | Y100: Perdido
A101: 487 | B101: ISO + Calidad | C101: 05/10/2026 | D101: Sí | E101: A tiempo (en 1.2) | F101: 4.6 | G101: No | H101: Ana Victoria de Leon | I101: 30.7 | J101: No | K101: Sí | L101: Ana Victoria de Leon | M101: 30.7 | N101: Sí | O101: Ana Victoria de Leon | P101: 31.4 | Q101: Sí | R101: Audio y después 1.3 | T101: 22 a 9 h | U101: No | V101: No | W101: No | X101: Sí | Y101: Perdido
...

Sheet Entradas a 1.3
A1: Entradas a 1.3
A2: Un renglón por cada vez que un lead entró a 1.3 Llamadita y facilidades de pago (5/10 al 27/10/2026).
A4: Lead | B4: Embudo | C4: Semana (lunes) | D4: Entró a 1.3 | E4: Venía de | F4: Quién lo movió | G4: Bot mandó "llamadita" | H4: Bot mandó "facilidades de pago" | I4: El cliente respondió en 1.3 | J4: Min. a su respuesta | K4: Una persona le escribió en 1.3 | L4: Tarea de llamada | M4: Siguiente etapa | N4: Quién lo sacó de 1.3 | O4: Horas en 1.3 | P4: Después llegó a 1.4 o más | Q4: Después llegó a un medio de pago | R4: Después Ganado | S4: Respondió y el bot lo mandó al Negativo | T4: Asesor asignado | U4: Respondió en 30 min a la llamadita | V4: Respondió en 30 min a facilidades
A5: 267 | B5: Manufactura y Calidad | C5: 05/10/2026 | D5: 05/10/2026 12:33 | E5: 1.2 Lista de cursos | F5: Salma Santos Hernández | G5: Sí | H5: Sí | I5: Sí | J5: 15.3 | K5: Sí | L5: No | M5: 1.4 Facilidades de pago | N5: Salma Santos Hernández | O5: 0.3 | P5: Sí | Q5: No | R5: No | S5: No | T5: Salma Santos Hernández | U5: Sí | V5: Sí
A6: 276 | B6: ISO + Calidad | C6: 05/10/2026 | D6: 05/10/2026 13:30 | E6: 1.2 Lista de cursos | F6: Salma Santos Hernández | G6: Sí | H6: Sí | I6: No | K6: No | L6: No | M6: Negativo | N6: Bot de 1.3 | O6: 4.3 | P6: No | Q6: No | R6: No | S6: No | T6: Salma Santos Hernández | U6: No | V6: No
A7: 278 | B7: ISO + Calidad | C7: 05/10/2026 | D7: 05/10/2026 13:36 | E7: 1.2 Lista de cursos | F7: Salma Santos Hernández | G7: Sí | H7: Sí | I7: Sí | J7: 0.1 | K7: Sí | L7: No | M7: Negativo | N7: Bot de 1.3 | O7: 4.3 | P7: No | Q7: No | R7: No | S7: Sí | T7: Salma Santos Hernández | U7: No | V7: No
A8: 286 | B8: Core Tools Premium | C8: 05/10/2026 | D8: 05/10/2026 14:51 | E8: 1.2 Lista de cursos | F8: Ana Victoria de Leon | G8: Sí | H8: Sí | I8: Sí | J8: 25.1 | K8: Sí | L8: No | M8: 1.4 Facilidades de pago | N8: Ana Victoria de Leon | O8: 0.4 | P8: Sí | Q8: Sí | R8: No | S8: No | T8: Ana Victoria de Leon | U8: Sí | V8: Sí
A9: 277 | B9: ISO + Calidad | C9: 05/10/2026 | D9: 05/10/2026 15:20 | E9: 1.2 Lista de cursos | F9: José Alexander Morales | G9: Sí | H9: Sí | I9: No | K9: No | L9: No | M9: Negativo | N9: Bot de 1.3 | O9: 4.3 | P9: No | Q9: No | R9: No | S9: No | T9: José Alexander Morales | U9: No | V9: No
A10: 287 | B10: ISO + Calidad | C10: 05/10/2026 | D10: 05/10/2026 15:38 | E10: 1.2 Lista de cursos | F10: Salma Santos Hernández | G10: Sí | H10: Sí | I10: Sí | J10: 28.4 | K10: Sí | L10: No | M10: Negativo | N10: Bot de 1.3 | O10: 4.3 | P10: No | Q10: No | R10: No | S10: Sí | T10: Ana Victoria de Leon | U10: Sí | V10: Sí
A11: 298 | B11: ISO + Calidad | C11: 05/10/2026 | D11: 05/10/2026 15:57 | E11: 1.2 Lista de cursos | F11: Salma Santos Hernández | G11: Sí | H11: No | I11: Sí | J11: 5 | K11: Sí | L11: No | M11: 1.4 Facilidades de pago | N11: Salma Santos Hernández | O11: 0.1 | P11: Sí | Q11: No | R11: No | S11: No | T11: Salma Santos Hernández | U11: Sí
A12: 296 | B12: ISO + Calidad | C12: 05/10/2026 | D12: 05/10/2026 16:21 | E12: 1.2 Lista de cursos | F12: Salma Santos Hernández | G12: Sí | H12: Sí | I12: No | K12: No | L12: No | M12: Negativo | N12: Bot de 1.3 | O12: 4.3 | P12: No | Q12: No | R12: No | S12: No | T12: Ana Victoria de Leon | U12: No | V12: No
A13: 309 | B13: Manufactura y Calidad | C13: 05/10/2026 | D13: 05/10/2026 17:19 | E13: 1.2 Lista de cursos | F13: Ana Victoria de Leon | G13: Sí | H13: Sí | I13: Sí | J13: 6.1 | K13: Sí | L13: No | M13: Negativo | N13: Bot de 1.3 | O13: 4.3 | P13: No | Q13: No | R13: No | S13: Sí | T13: Ana Victoria de Leon | U13: Sí | V13: No
A14: 313 | B14: ISO + Calidad | C14: 05/10/2026 | D14: 05/10/2026 17:52 | E14: 1.2 Lista de cursos | F14: Ana Victoria de Leon | G14: Sí | H14: Sí | I14: No | K14: No | L14: No | M14: Negativo | N14: Bot de 1.3 | O14: 4.3 | P14: No | Q14: No | R14: No | S14: No | T14: Ana Victoria de Leon | U14: No | V14: No
A15: 308 | B15: ISO + Calidad | C15: 05/10/2026 | D15: 05/10/2026 18:45 | E15: 1.2 Lista de cursos | F15: Salma Santos Hernández | G15: Sí | H15: Sí | I15: Sí | J15: 21.4 | K15: No | L15: No | M15: 1.4 Facilidades de pago | N15: Salma Santos Hernández | O15: 0.4 | P15: Sí | Q15: No | R15: No | S15: No | T15: Salma Santos Hernández | U15: Sí | V15: Sí
A16: 317 | B16: ISO + Calidad | C16: 05/10/2026 | D16: 05/10/2026 19:06 | E16: 1.2 Lista de cursos | F16: Ana Victoria de Leon | G16: Sí | H16: Sí | I16: Sí | J16: 1.9 | K16: Sí | L16: No | M16: 1.4 Facilidades de pago | N16: Ana Victoria de Leon | O16: 0.3 | P16: Sí | Q16: Sí | R16: No | S16: No | T16: Ana Victoria de Leon | U16: Sí | V16: Sí
A17: 326 | B17: Manufactura y Calidad | C17: 05/10/2026 | D17: 05/10/2026 21:07 | E17: 1.2 Lista de cursos | F17: José Alexander Morales | G17: Sí | H17: Sí | I17: No | K17: No | L17: No | M17: Negativo | N17: Bot de 1.3 | O17: 4.3 | P17: No | Q17: No | R17: No | S17: No | T17: José Alexander Morales | U17: No | V17: No
A18: 327 | B18: Core Tools Premium | C18: 05/10/2026 | D18: 05/10/2026 22:05 | E18: 1.2 Lista de cursos | F18: Ana Victoria de Leon | G18: No | H18: No | I18: Sí | J18: 1 | K18: Sí | L18: No | M18: 1.4 Facilidades de pago | N18: Ana Victoria de Leon | O18: 0.1 | P18: Sí | Q18: Sí | R18: Sí | S18: No | T18: Ana Victoria de Leon
A19: 343 | B19: Core Tools Premium | C19: 05/10/2026 | D19: 06/10/2026 08:13 | E19: 1.2 Lista de cursos | F19: Salma Santos Hernández | G19: Sí | H19: Sí | I19: Sí | J19: 146.6 | K19: Sí | L19: No | M19: Negativo | N19: Bot de 1.3 | O19: 4.3 | P19: No | Q19: No | R19: No | S19: Sí | T19: Salma Santos Hernández | U19: No | V19: No
A20: 359 | B20: ISO + Calidad | C20: 05/10/2026 | D20: 06/10/2026 10:20 | E20: 1.2 Lista de cursos | F20: Salma Santos Hernández | G20: Sí | H20: Sí | I20: Sí | J20: 70.4 | K20: Sí | L20: No | M20: Negativo | N20: Bot de 1.3 | O20: 4.3 | P20: No | Q20: No | R20: No | S20: Sí | T20: Salma Santos Hernández | U20: No | V20: No
A21: 369 | B21: ISO + Calidad | C21: 05/10/2026 | D21: 06/10/2026 12:21 | E21: 1.2 Lista de cursos | F21: Salma Santos Hernández | G21: Sí | H21: Sí | I21: No | K21: No | L21: No | M21: Negativo | N21: Bot de 1.3 | O21: 4.3 | P21: No | Q21: No | R21: No | S21: No | T21: Salma Santos Hernández | U21: No | V21: No
A22: 376 | B22: ISO + Calidad | C22: 05/10/2026 | D22: 06/10/2026 13:04 | E22: 1.2 Lista de cursos | F22: Salma Santos Hernández | G22: Sí | H22: Sí | I22: No | K22: No | L22: No | M22: Negativo | N22: Bot de 1.3 | O22: 4.3 | P22: No | Q22: No | R22: No | S22: No | T22: Salma Santos Hernández | U22: No | V22: No
A23: 388 | B23: ISO + Calidad | C23: 05/10/2026 | D23: 06/10/2026 13:33 | E23: 1.2 Lista de cursos | F23: Salma Santos Hernández | G23: Sí | H23: Sí | I23: No | K23: No | L23: No | M23: Negativo | N23: Bot de 1.3 | O23: 4.3 | P23: No | Q23: No | R23: No | S23: No | T23: Salma Santos Hernández | U23: No | V23: No
A24: 379 | B24: ISO + Calidad | C24: 05/10/2026 | D24: 06/10/2026 15:11 | E24: Leads entrantes | F24: Salma Santos Hernández | G24: Sí | H24: Sí | I24: No | K24: No | L24: No | M24: Negativo | N24: Bot de 1.3 | O24: 4.3 | P24: No | Q24: No | R24: No | S24: No | T24: Salma Santos Hernández | U24: No | V24: No
A25: 417 | B25: ISO + Calidad | C25: 05/10/2026 | D25: 06/10/2026 15:34 | E25: 1.2 Lista de cursos | F25: José Alexander Morales | G25: Sí | H25: Sí | I25: Sí | J25: 2.2 | K25: Sí | L25: No | M25: Negativo | N25: Bot de 1.3 | O25: 10.8 | P25: No | Q25: No | R25: No | S25: Sí | T25: José Alexander Morales | U25: No | V25: No
A26: 423 | B26: ISO + Calidad | C26: 05/10/2026 | D26: 06/10/2026 16:11 | E26: 1.2 Lista de cursos | F26: José Alexander Morales | G26: Sí | H26: Sí | I26: No | K26: Sí | L26: No | M26: Negativo | N26: Bot de 1.3 | O26: 4.3 | P26: No | Q26: No | R26: No | S26: No | T26: José Alexander Morales | U26: No | V26: No
A27: 433 | B27: ISO + Calidad | C27: 05/10/2026 | D27: 06/10/2026 17:08 | E27: 1.2 Lista de cursos | F27: Salma Santos Hernández | G27: Sí | H27: Sí | I27: No | K27: No | L27: No | M27: Negativo | N27: Bot de 1.3 | O27: 4.3 | P27: No | Q27: No | R27: No | S27: No | T27: Salma Santos Hernández | U27: No | V27: No
A28: 435 | B28: ISO + Calidad | C28: 05/10/2026 | D28: 06/10/2026 17:20 | E28: 1.2 Lista de cursos | F28: Ana Victoria de Leon | G28: Sí | H28: Sí | I28: No | K28: No | L28: No | M28: Negativo | N28: Bot de 1.3 | O28: 4.3 | P28: No | Q28: No | R28: No | S28: No | T28: Ana Victoria de Leon | U28: No | V28: No
A29: 438 | B29: ISO + Calidad | C29: 05/10/2026 | D29: 06/10/2026 17:54 | E29: 1.2 Lista de cursos | F29: Ana Victoria de Leon | G29: Sí | H29: Sí | I29: No | K29: No | L29: No | M29: Negativo | N29: Bot de 1.3 | O29: 4.3 | P29: No | Q29: No | R29: No | S29: No | T29: Ana Victoria de Leon | U29: No | V29: No
A30: 449 | B30: Core Tools Premium | C30: 05/10/2026 | D30: 06/10/2026 18:47 | E30: 1.2 Lista de cursos | F30: José Alexander Morales | G30: Sí | H30: Sí | I30: No | K30: Sí | L30: No | M30: Negativo | N30: Bot de 1.3 | O30: 4.3 | P30: No | Q30: No | R30: No | S30: No | T30: José Alexander Morales | U30: No | V30: No
A31: 450 | B31: ISO + Calidad | C31: 05/10/2026 | D31: 06/10/2026 18:54 | E31: 1.2 Lista de cursos | F31: José Alexander Morales | G31: Sí | H31: Sí | I31: Sí | J31: 19.5 | K31: Sí | L31: No | M31: 1.4 Facilidades de pago | N31: José Alexander Morales | O31: 0.3 | P31: Sí | Q31: No | R31: No | S31: No | T31: José Alexander Morales | U31: Sí | V31: Sí
A32: 446 | B32: Core Tools Premium | C32: 05/10/2026 | D32: 06/10/2026 19:22 | E32: 1.2 Lista de cursos | F32: José Alexander Morales | G32: Sí | H32: Sí | I32: No | K32: Sí | L32: No | M32: Negativo | N32: Bot de 1.3 | O32: 4.3 | P32: Sí | Q32: Sí | R32: No | S32: No | T32: José Alexander Morales | U32: No | V32: No
A33: 455 | B33: ISO + Calidad | C33: 05/10/2026 | D33: 06/10/2026 19:46 | E33: 1.2 Lista de cursos | F33: José Alexander Morales | G33: Sí | H33: Sí | I33: No | K33: Sí | L33: No | M33: Negativo | N33: Bot de 1.3 | O33: 4.3 | P33: No | Q33: No | R33: No | S33: No | T33: José Alexander Morales | U33: No | V33: No
A34: 459 | B34: ISO + Calidad | C34: 05/10/2026 | D34: 06/10/2026 20:11 | E34: 1.2 Lista de cursos | F34: José Alexander Morales | G34: Sí | H34: Sí | I34: No | K34: Sí | L34: No | M34: Negativo | N34: Bot de 1.3 | O34: 4.3 | P34: No | Q34: No | R34: No | S34: No | T34: José Alexander Morales | U34: No | V34: No
A35: 461 | B35: ISO + Calidad | C35: 05/10/2026 | D35: 06/10/2026 20:51 | E35: 1.2 Lista de cursos | F35: José Alexander Morales | G35: Sí | H35: Sí | I35: Sí | J35: 5.6 | K35: Sí | L35: No | M35: Negativo | N35: Bot de 1.3 | O35: 4.3 | P35: No | Q35: No | R35: No | S35: Sí | T35: José Alexander Morales | U35: Sí | V35: No
A36: 470 | B36: Core Tools Premium | C36: 05/10/2026 | D36: 06/10/2026 21:24 | E36: 1.2 Lista de cursos | F36: Ana Victoria de Leon | G36: Sí | H36: Sí | I36: Sí | J36: 8.1 | K36: Sí | L36: No | M36: Negativo | N36: Bot de 1.3 | O36: 4.3 | P36: No | Q36: No | R36: No | S36: Sí | T36: Ana Victoria de Leon | U36: Sí | V36: No
A37: 478 | B37: ISO + Calidad | C37: 05/10/2026 | D37: 06/10/2026 22:10 | E37: 1.2 Lista de cursos | F37: José Alexander Morales | G37: Sí | H37: Sí | I37: No | K37: Sí | L37: No | M37: Negativo | N37: Bot de 1.3 | O37: 4.3 | P37: No | Q37: No | R37: No | S37: No | T37: José Alexander Morales | U37: No | V37: No
A38: 484 | B38: ISO + Calidad | C38: 05/10/2026 | D38: 06/10/2026 22:47 | E38: 1.2 Lista de cursos | F38: José Alexander Morales | G38: Sí | H38: Sí | I38: Sí | J38: 0.7 | K38: Sí | L38: No | M38: Negativo | N38: Bot de 1.3 | O38: 4.3 | P38: No | Q38: No | R38: No | S38: Sí | T38: José Alexander Morales | U38: No | V38: No
A39: 488 | B39: Core Tools Premium | C39: 05/10/2026 | D39: 06/10/2026 22:58 | E39: 1.2 Lista de cursos | F39: José Alexander Morales | G39: Sí | H39: Sí | I39: Sí | J39: 5.5 | K39: Sí | L39: No | M39: Negativo | N39: Bot de 1.3 | O39: 4.3 | P39: No | Q39: No | R39: No | S39: Sí | T39: Ana Victoria de Leon | U39: Sí | V39: No
A40: 487 | B40: ISO + Calidad | C40: 05/10/2026 | D40: 06/10/2026 23:29 | E40: 1.2 Lista de cursos | F40: Ana Victoria de Leon | G40: Sí | H40: Sí | I40: No | K40: No | L40: No | M40: Negativo | N40: Bot de 1.3 | O40: 4.3 | P40: No | Q40: No | R40: No | S40: No | T40: Ana Victoria de Leon | U40: No | V40: No
A41: 510 | B41: ISO + Calidad | C41: 05/10/2026 | D41: 07/10/2026 08:13 | E41: 1.2 Lista de cursos | F41: Salma Santos Hernández | G41: Sí | H41: Sí | I41: No | K41: No | L41: No | M41: Negativo | N41: Bot de 1.3 | O41: 4.3 | P41: No | Q41: No | R41: No | S41: No | T41: Salma Santos Hernández | U41: No | V41: No
A42: 543 | B42: Manufactura y Calidad | C42: 05/10/2026 | D42: 07/10/2026 09:59 | E42: 1.2 Lista de cursos | F42: Salma Santos Hernández | G42: Sí | H42: Sí | I42: No | K42: No | L42: No | M42: Negativo | N42: Bot de 1.3 | O42: 4.3 | P42: No | Q42: No | R42: No | S42: No | T42: Salma Santos Hernández | U42: No | V42: No
A43: 555 | B43: Manufactura y Calidad | C43: 05/10/2026 | D43: 07/10/2026 10:43 | E43: 1.2 Lista de cursos | F43: Salma Santos Hernández | G43: Sí | H43: Sí | I43: No | K43: No | L43: No | M43: Negativo | N43: Bot de 1.3 | O43: 4.3 | P43: No | Q43: No | R43: No | S43: No | T43: Salma Santos Hernández | U43: No | V43: No
A44: 575 | B44: ISO + Calidad | C44: 05/10/2026 | D44: 07/10/2026 12:07 | E44: 1.2 Lista de cursos | F44: Salma Santos Hernández | G44: Sí | H44: Sí | I44: No | K44: No | L44: No | M44: Negativo | N44: Bot de 1.3 | O44: 4.3 | P44: No | Q44: No | R44: No | S44: No | T44: Salma Santos Hernández | U44: No | V44: No
A45: 582 | B45: Manufactura y Calidad | C45: 05/10/2026 | D45: 07/10/2026 12:23 | E45: 1.2 Lista de cursos | F45: Salma Santos Hernández | G45: Sí | H45: Sí | I45: Sí | J45: 3.2 | K45: Sí | L45: No | M45: Medio de pago | N45: Salma Santos Hernández | O45: 1 | P45: Sí | Q45: Sí | R45: No | S45: No | T45: Salma Santos Hernández | U45: Sí | V45: Sí
A46: 585 | B46: ISO + Calidad | C46: 05/10/2026 | D46: 07/10/2026 12:37 | E46: 1.2 Lista de cursos | F46: Salma Santos Hernández | G46: Sí | H46: Sí | I46: Sí | J46: 37.2 | K46: Sí | L46: No | M46: Perdido | N46: Salma Santos Hernández | O46: 99.5 | P46: No | Q46: No | R46: No | S46: No | T46: Salma Santos Hernández | U46: No | V46: Sí
A47: 596 | B47: Manufactura y Calidad | C47: 05/10/2026 | D47: 07/10/2026 13:46 | E47: 1.2 Lista de cursos | F47: Ana Victoria de Leon | G47: Sí | H47: Sí | I47: No | K47: No | L47: No | M47: Negativo | N47: Bot de 1.3 | O47: 4.3 | P47: No | Q47: No | R47: No | S47: No | T47: Ana Victoria de Leon | U47: No | V47: No
A48: 603 | B48: Manufactura y Calidad | C48: 05/10/2026 | D48: 07/10/2026 14:10 | E48: 1.2 Lista de cursos | F48: Ana Victoria de Leon | G48: Sí | H48: Sí | I48: No | K48: No | L48: No | M48: Negativo | N48: Bot de 1.3 | O48: 4.3 | P48: No | Q48: No | R48: No | S48: No | T48: Ana Victoria de Leon | U48: No | V48: No
A49: 601 | B49: ISO + Calidad | C49: 05/10/2026 | D49: 07/10/2026 14:13 | E49: 1.2 Lista de cursos | F49: Ana Victoria de Leon | G49: Sí | H49: Sí | I49: No | K49: No | L49: No | M49: Negativo | N49: Bot de 1.3 | O49: 4.3 | P49: Sí | Q49: No | R49: No | S49: No | T49: Ana Victoria de Leon | U49: No | V49: No
A50: 545 | B50: ISO + Calidad | C50: 05/10/2026 | D50: 07/10/2026 14:30 | E50: 1.2 Lista de cursos | F50: Salma Santos Hernández | G50: Sí | H50: Sí | I50: No | K50: No | L50: No | M50: Negativo | N50: Bot de 1.3 | O50: 4.3 | P50: Sí | Q50: Sí | R50: Sí | S50: No | T50: Salma Santos Hernández | U50: No | V50: No
A51: 620 | B51: ISO + Calidad | C51: 05/10/2026 | D51: 07/10/2026 15:12 | E51: 1.2 Lista de cursos | F51: José Alexander Morales | G51: Sí | H51: Sí | I51: No | K51: Sí | L51: No | M51: Negativo | N51: Bot de 1.3 | O51: 4.3 | P51: No | Q51: No | R51: No | S51: No | T51: José Alexander Morales | U51: No | V51: No
A52: 625 | B52: Manufactura y Calidad | C52: 05/10/2026 | D52: 07/10/2026 15:32 | E52: 1.2 Lista de cursos | F52: José Alexander Morales | G52: Sí | H52: Sí | I52: No | K52: Sí | L52: No | M52: Negativo | N52: Bot de 1.3 | O52: 4.3 | P52: No | Q52: No | R52: No | S52: No | T52: José Alexander Morales | U52: No | V52: No
A53: 634 | B53: Core Tools Premium | C53: 05/10/2026 | D53: 07/10/2026 15:58 | E53: 1.2 Lista de cursos | F53: Salma Santos Hernández | G53: Sí | H53: Sí | I53: Sí | J53: 5.7 | K53: No | L53: No | M53: Negativo | N53: Bot de 1.3 | O53: 4.3 | P53: No | Q53: No | R53: No | S53: Sí | T53: Salma Santos Hernández | U53: Sí | V53: No
A54: 628 | B54: ISO + Calidad | C54: 05/10/2026 | D54: 07/10/2026 16:35 | E54: 1.2 Lista de cursos | F54: José Alexander Morales | G54: Sí | H54: Sí | I54: Sí | J54: 17.4 | K54: Sí | L54: No | M54: Negativo | N54: Bot de 1.3 | O54: 4.3 | P54: No | Q54: No | R54: No | S54: Sí | T54: José Alexander Morales | U54: Sí | V54: Sí
A55: 642 | B55: ISO + Calidad | C55: 05/10/2026 | D55: 07/10/2026 16:44 | E55: 1.2 Lista de cursos | F55: José Alexander Morales | G55: Sí | H55: Sí | I55: Sí | J55: 16.2 | K55: Sí | L55: No | M55: 1.4 Facilidades de pago | N55: Salma Santos Hernández | O55: 0.3 | P55: Sí | Q55: No | R55: No | S55: No | T55: José Alexander Morales | U55: Sí | V55: Sí
A56: 651 | B56: ISO + Calidad | C56: 05/10/2026 | D56: 07/10/2026 17:20 | E56: 1.2 Lista de cursos | F56: Ana Victoria de Leon | G56: Sí | H56: Sí | I56: Sí | J56: 0.7 | K56: Sí | L56: No | M56: 1.4 Facilidades de pago | N56: Ana Victoria de Leon | O56: 0.6 | P56: Sí | Q56: Sí | R56: No | S56: No | T56: Ana Victoria de Leon | U56: Sí | V56: Sí
A57: 670 | B57: ISO + Calidad | C57: 05/10/2026 | D57: 07/10/2026 18:58 | E57: 1.2 Lista de cursos | F57: José Alexander Morales | G57: Sí | H57: No | I57: Sí | J57: 5.1 | K57: Sí | L57: No | M57: 1.4 Facilidades de pago | N57: José Alexander Morales | O57: 0.1 | P57: Sí | Q57: Sí | R57: No | S57: No | T57: José Alexander Morales | U57: Sí
A58: 688 | B58: Manufactura y Calidad | C58: 05/10/2026 | D58: 07/10/2026 19:39 | E58: 1.2 Lista de cursos | F58: Ana Victoria de Leon | G58: Sí | H58: No | I58: Sí | J58: 6.3 | K58: Sí | L58: No | M58: 1.4 Facilidades de pago | N58: Ana Victoria de Leon | O58: 0.1 | P58: Sí | Q58: Sí | R58: No | S58: No | T58: Ana Victoria de Leon | U58: Sí
A59: 721 | B59: ISO + Calidad | C59: 05/10/2026 | D59: 07/10/2026 21:50 | E59: 1.2 Lista de cursos | F59: Ana Victoria de Leon | G59: Sí | H59: Sí | I59: Sí | J59: 23 | K59: Sí | L59: No | M59: Negativo | N59: Bot de 1.3 | O59: 4.3 | P59: No | Q59: No | R59: No | S59: Sí | T59: Ana Victoria de Leon | U59: Sí | V59: Sí
A60: 723 | B60: ISO + Calidad | C60: 05/10/2026 | D60: 07/10/2026 21:53 | E60: 1.2 Lista de cursos | F60: Ana Victoria de Leon | G60: Sí | H60: No | I60: Sí | J60: 3.3 | K60: Sí | L60: No | M60: 1.4 Facilidades de pago | N60: Ana Victoria de Leon | O60: 0.1 | P60: Sí | Q60: No | R60: No | S60: No | T60: Ana Victoria de Leon | U60: Sí
A61: 712 | B61: Core Tools Premium | C61: 05/10/2026 | D61: 07/10/2026 21:57 | E61: 1.2 Lista de cursos | F61: Ana Victoria de Leon | G61: Sí | H61: Sí | I61: No | K61: No | L61: No | M61: Negativo | N61: Bot de 1.3 | O61: 4.3 | P61: No | Q61: No | R61: No | S61: No | T61: José Alexander Morales | U61: No | V61: No
A62: 729 | B62: Core Tools Premium | C62: 05/10/2026 | D62: 07/10/2026 22:36 | E62: 1.2 Lista de cursos | F62: José Alexander Morales | G62: Sí | H62: Sí | I62: Sí | J62: 20.9 | K62: Sí | L62: No | M62: Negativo | N62: Bot de 1.3 | O62: 4.3 | P62: No | Q62: No | R62: No | S62: Sí | T62: José Alexander Morales | U62: Sí | V62: Sí
A63: 730 | B63: ISO + Calidad | C63: 05/10/2026 | D63: 07/10/2026 22:43 | E63: 1.2 Lista de cursos | F63: José Alexander Morales | G63: Sí | H63: No | I63: Sí | J63: 3 | K63: Sí | L63: No | M63: 1.4 Facilidades de pago | N63: Ana Victoria de Leon | O63: 0.1 | P63: Sí | Q63: Sí | R63: No | S63: No | T63: José Alexander Morales | U63: Sí
A64: 738 | B64: Core Tools Premium | C64: 05/10/2026 | D64: 08/10/2026 08:20 | E64: Negativo | F64: Salma Santos Hernández | G64: Sí | H64: Sí | I64: No | K64: No | L64: No | M64: Negativo | N64: Bot de 1.3 | O64: 4.3 | P64: No | Q64: No | R64: No | S64: No | T64: Salma Santos Hernández | U64: No | V64: No
A65: 762 | B65: ISO + Calidad | C65: 05/10/2026 | D65: 08/10/2026 08:34 | E65: Negativo | F65: Salma Santos Hernández | G65: Sí | H65: Sí | I65: No | K65: No | L65: No | M65: Negativo | N65: Bot de 1.3 | O65: 4.3 | P65: Sí | Q65: Sí | R65: No | S65: No | T65: Salma Santos Hernández | U65: No | V65: No
A66: 754 | B66: ISO + Calidad | C66: 05/10/2026 | D66: 08/10/2026 08:38 | E66: 1.2 Lista de cursos | F66: Salma Santos Hernández | G66: Sí | H66: Sí | I66: Sí | J66: 6.2 | K66: Sí | L66: No | M66: Negativo | N66: Bot de 1.3 | O66: 4.3 | P66: No | Q66: No | R66: No | S66: Sí | T66: Salma Santos Hernández | U66: Sí | V66: Sí
A67: 772 | B67: ISO + Calidad | C67: 05/10/2026 | D67: 08/10/2026 09:10 | E67: 1.2 Lista de cursos | F67: Salma Santos Hernández | G67: Sí | H67: No | I67: Sí | J67: 4.2 | K67: Sí | L67: No | M67: Sigue en 1.3 | P67: No | Q67: No | R67: No | S67: No | T67: Salma Santos Hernández | U67: Sí
A68: 835 | B68: ISO + Calidad | C68: 05/10/2026 | D68: 08/10/2026 12:36 | E68: 1.2 Lista de cursos | F68: Salma Santos Hernández | G68: Sí | H68: Sí | I68: No | K68: No | L68: No | M68: Negativo | N68: Bot de 1.3 | O68: 4.3 | P68: No | Q68: No | R68: No | S68: No | T68: Salma Santos Hernández | U68: No | V68: No
A69: 836 | B69: ISO + Calidad | C69: 05/10/2026 | D69: 08/10/2026 12:39 | E69: 1.2 Lista de cursos | F69: Salma Santos Hernández | G69: Sí | H69: Sí | I69: Sí | J69: 14.6 | K69: No | L69: No | M69: Negativo | N69: Bot de 1.3 | O69: 4.3 | P69: No | Q69: No | R69: No | S69: Sí | T69: Salma Santos Hernández | U69: Sí | V69: No
A70: 827 | B70: ISO + Calidad | C70: 05/10/2026 | D70: 08/10/2026 14:27 | E70: 1.2 Lista de cursos | F70: José Alexander Morales | G70: Sí | H70: Sí | I70: No | K70: Sí | L70: No | M70: Negativo | N70: Bot de 1.3 | O70: 4.3 | P70: No | Q70: No | R70: No | S70: No | T70: Salma Santos Hernández | U70: No | V70: No
A71: 870 | B71: Manufactura y Calidad | C71: 05/10/2026 | D71: 08/10/2026 15:13 | E71: 1.2 Lista de cursos | F71: José Alexander Morales | G71: Sí | H71: Sí | I71: No | K71: Sí | L71: No | M71: Negativo | N71: Bot de 1.3 | O71: 4.3 | P71: No | Q71: No | R71: No | S71: No | T71: José Alexander Morales | U71: No | V71: No
A72: 882 | B72: ISO + Calidad | C72: 05/10/2026 | D72: 08/10/2026 16:28 | E72: 1.2 Lista de cursos | F72: Salma Santos Hernández | G72: Sí | H72: Sí | I72: Sí | J72: 17.3 | K72: Sí | L72: No | M72: Negativo | N72: Bot de 1.3 | O72: 4.3 | P72: No | Q72: No | R72: No | S72: Sí | T72: Salma Santos Hernández | U72: Sí | V72: Sí
A73: 880 | B73: ISO + Calidad | C73: 05/10/2026 | D73: 08/10/2026 17:27 | E73: 1.2 Lista de cursos | F73: Salma Santos Hernández | G73: Sí | H73: Sí | I73: Sí | J73: 57.2 | K73: Sí | L73: No | M73: 1.4 Facilidades de pago | N73: Salma Santos Hernández | O73: 1 | P73: Sí | Q73: Sí | R73: No | S73: No | T73: Salma Santos Hernández | U73: No | V73: No
A74: 906 | B74: ISO + Calidad | C74: 05/10/2026 | D74: 08/10/2026 18:53 | E74: 1.2 Lista de cursos | F74: José Alexander Morales | G74: Sí | H74: Sí | I74: No | K74: Sí | L74: No | M74: Negativo | N74: Bot de 1.3 | O74: 4.3 | P74: No | Q74: No | R74: No | S74: No | T74: José Alexander Morales | U74: No | V74: No
A75: 910 | B75: ISO + Calidad | C75: 05/10/2026 | D75: 08/10/2026 19:15 | E75: 1.2 Lista de cursos | F75: José Alexander Morales | G75: Sí | H75: Sí | I75: Sí | J75: 5.8 | K75: Sí | L75: No | M75: Perdido | N75: José Alexander Morales | O75: 48.3 | P75: No | Q75: No | R75: No | S75: No | T75: José Alexander Morales | U75: Sí | V75: No
A76: 915 | B76: ISO + Calidad | C76: 05/10/2026 | D76: 08/10/2026 19:33 | E76: 1.2 Lista de cursos | F76: José Alexander Morales | G76: No | H76: No | I76: Sí | J76: 2.2 | K76: Sí | L76: No | M76: 1.4 Facilidades de pago | N76: José Alexander Morales | O76: 0.1 | P76: Sí | Q76: No | R76: No | S76: No | T76: José Alexander Morales
A77: 920 | B77: Manufactura y Calidad | C77: 05/10/2026 | D77: 08/10/2026 20:05 | E77: 1.2 Lista de cursos | F77: José Alexander Morales | G77: Sí | H77: Sí | I77: Sí | J77: 47.4 | K77: Sí | L77: No | M77: Negativo | N77: Bot de 1.3 | O77: 4.3 | P77: No | Q77: No | R77: No | S77: Sí | T77: José Alexander Morales | U77: No | V77: No
A78: 924 | B78: Manufactura y Calidad | C78: 05/10/2026 | D78: 08/10/2026 21:11 | E78: 1.2 Lista de cursos | F78: José Alexander Morales | G78: Sí | H78: Sí | I78: No | K78: Sí | L78: No | M78: Negativo | N78: Bot de 1.3 | O78: 4.3 | P78: No | Q78: No | R78: No | S78: No | T78: José Alexander Morales | U78: No | V78: No
A79: 961 | B79: ISO + Calidad | C79: 05/10/2026 | D79: 09/10/2026 08:20 | E79: Negativo | F79: Salma Santos Hernández | G79: Sí | H79: Sí | I79: No | K79: No | L79: No | M79: Negativo | N79: Bot de 1.3 | O79: 4.3 | P79: No | Q79: No | R79: No | S79: No | T79: Salma Santos Hernández | U79: No | V79: No
A80: 993 | B80: Manufactura y Calidad | C80: 05/10/2026 | D80: 09/10/2026 09:37 | E80: 1.2 Lista de cursos | F80: Salma Santos Hernández | G80: Sí | H80: Sí | I80: Sí | J80: 15.6 | K80: Sí | L80: No | M80: Negativo | N80: Bot de 1.3 | O80: 4.3 | P80: No | Q80: No | R80: No | S80: Sí | T80: Salma Santos Hernández | U80: Sí | V80: Sí
A81: 1018 | B81: Core Tools Premium | C81: 05/10/2026 | D81: 09/10/2026 12:24 | E81: 1.2 Lista de cursos | F81: Salma Santos Hernández | G81: Sí | H81: Sí | I81: Sí | J81: 3 | K81: Sí | L81: No | M81: Negativo | N81: Bot de 1.3 | O81: 4.3 | P81: No | Q81: No | R81: No | S81: Sí | T81: Salma Santos Hernández | U81: No | V81: No
A82: 1040 | B82: Manufactura y Calidad | C82: 05/10/2026 | D82: 09/10/2026 14:26 | E82: 1.2 Lista de cursos | F82: Ana Victoria de Leon | G82: Sí | H82: No | I82: Sí | J82: 5.4 | K82: Sí | L82: No | M82: Perdido | N82: Joceline Sarahi Benavides Serrano | O82: 167.6 | P82: No | Q82: No | R82: No | S82: No | T82: Ana Victoria de Leon | U82: Sí
A83: 1043 | B83: ISO + Calidad | C83: 05/10/2026 | D83: 09/10/2026 14:55 | E83: 1.2 Lista de cursos | F83: Ana Victoria de Leon | G83: Sí | H83: Sí | I83: Sí | J83: 5.5 | K83: Sí | L83: No | M83: Negativo | N83: Bot de 1.3 | O83: 4.3 | P83: No | Q83: No | R83: No | S83: Sí | T83: Ana Victoria de Leon | U83: Sí | V83: No
A84: 1061 | B84: Manufactura y Calidad | C84: 05/10/2026 | D84: 09/10/2026 16:46 | E84: 1.2 Lista de cursos | F84: Salma Santos Hernández | G84: Sí | H84: Sí | I84: Sí | J84: 7.1 | K84: Sí | L84: No | M84: Negativo | N84: Bot de 1.3 | O84: 4.3 | P84: No | Q84: No | R84: No | S84: Sí | T84: Salma Santos Hernández | U84: Sí | V84: No
A85: 1063 | B85: Manufactura y Calidad | C85: 05/10/2026 | D85: 09/10/2026 17:01 | E85: 1.2 Lista de cursos | F85: Salma Santos Hernández | G85: Sí | H85: Sí | I85: Sí | J85: 7.8 | K85: Sí | L85: No | M85: 1.4 Facilidades de pago | N85: Ana Victoria de Leon | O85: 0.4 | P85: Sí | Q85: Sí | R85: No | S85: No | T85: Salma Santos Hernández | U85: Sí | V85: Sí
A86: 1066 | B86: Manufactura y Calidad | C86: 05/10/2026 | D86: 09/10/2026 17:18 | E86: 1.2 Lista de cursos | F86: Ana Victoria de Leon | G86: Sí | H86: Sí | I86: Sí | J86: 30.5 | K86: No | L86: No | M86: 1.4 Facilidades de pago | N86: Ana Victoria de Leon | O86: 0.5 | P86: Sí | Q86: Sí | R86: No | S86: No | T86: Ana Victoria de Leon | U86: Sí | V86: Sí
A87: 1072 | B87: ISO + Calidad | C87: 05/10/2026 | D87: 09/10/2026 17:45 | E87: 1.2 Lista de cursos | F87: Ana Victoria de Leon | G87: No | H87: No | I87: Sí | J87: 2.3 | K87: Sí | L87: No | M87: 1.4 Facilidades de pago | N87: Ana Victoria de Leon | O87: 0.1 | P87: Sí | Q87: No | R87: No | S87: No | T87: Ana Victoria de Leon
A88: 1075 | B88: Core Tools Premium | C88: 05/10/2026 | D88: 09/10/2026 18:11 | E88: 1.2 Lista de cursos | F88: José Alexander Morales | G88: Sí | H88: Sí | I88: No | K88: Sí | L88: No | M88: Negativo | N88: Bot de 1.3 | O88: 4.3 | P88: No | Q88: No | R88: No | S88: No | T88: José Alexander Morales | U88: No | V88: No
A89: 1082 | B89: ISO + Calidad | C89: 05/10/2026 | D89: 09/10/2026 19:57 | E89: 1.2 Lista de cursos | F89: Ana Victoria de Leon | G89: Sí | H89: Sí | I89: No | K89: No | L89: No | M89: Negativo | N89: Bot de 1.3 | O89: 4.3 | P89: No | Q89: No | R89: No | S89: No | T89: Ana Victoria de Leon | U89: No | V89: No
A90: 1106 | B90: ISO + Calidad | C90: 05/10/2026 | D90: 09/10/2026 21:21 | E90: 1.2 Lista de cursos | F90: Ana Victoria de Leon | G90: Sí | H90: Sí | I90: No | K90: No | L90: No | M90: Negativo | N90: Bot de 1.3 | O90: 4.3 | P90: No | Q90: No | R90: No | S90: No | T90: Ana Victoria de Leon | U90: No | V90: No
A91: 1113 | B91: Core Tools Premium | C91: 05/10/2026 | D91: 09/10/2026 22:07 | E91: 1.2 Lista de cursos | F91: José Alexander Morales | G91: No | H91: No | I91: Sí | J91: 2.8 | K91: Sí | L91: No | M91: 1.4 Facilidades de pago | N91: José Alexander Morales | O91: 0.1 | P91: Sí | Q91: Sí | R91: Sí | S91: No | T91: José Alexander Morales
A92: 1183 | B92: Manufactura y Calidad | C92: 05/10/2026 | D92: 10/10/2026 13:49 | E92: 1.2 Lista de cursos | F92: Ana Victoria de Leon | G92: Sí | H92: Sí | I92: Sí | J92: 10.1 | K92: Sí | L92: No | M92: 1.4 Facilidades de pago | N92: Ana Victoria de Leon | O92: 0.3 | P92: Sí | Q92: Sí | R92: No | S92: No | T92: Ana Victoria de Leon | U92: Sí | V92: Sí
A93: 1185 | B93: ISO + Calidad | C93: 05/10/2026 | D93: 10/10/2026 14:04 | E93: 1.2 Lista de cursos | F93: Ana Victoria de Leon | G93: Sí | H93: Sí | I93: Sí | J93: 2.9 | K93: Sí | L93: No | M93: Negativo | N93: Bot de 1.3 | O93: 4.3 | P93: No | Q93: No | R93: No | S93: Sí | T93: Ana Victoria de Leon | U93: No | V93: No
A94: 1192 | B94: ISO + Calidad | C94: 05/10/2026 | D94: 10/10/2026 14:36 | E94: 1.2 Lista de cursos | F94: José Alexander Morales | G94: Sí | H94: Sí | I94: No | K94: Sí | L94: No | M94: Negativo | N94: Bot de 1.3 | O94: 4.3 | P94: No | Q94: No | R94: No | S94: No | T94: José Alexander Morales | U94: No | V94: No
A95: 1194 | B95: ISO + Calidad | C95: 05/10/2026 | D95: 10/10/2026 15:00 | E95: 1.2 Lista de cursos | F95: José Alexander Morales | G95: Sí | H95: Sí | I95: Sí | J95: 3.9 | K95: Sí | L95: No | M95: 1.4 Facilidades de pago | N95: José Alexander Morales | O95: 0.3 | P95: Sí | Q95: Sí | R95: Sí | S95: No | T95: José Alexander Morales | U95: Sí | V95: Sí
A96: 1191 | B96: ISO + Calidad | C96: 05/10/2026 | D96: 10/10/2026 15:21 | E96: 1.2 Lista de cursos | F96: José Alexander Morales | G96: Sí | H96: Sí | I96: No | K96: Sí | L96: No | M96: Negativo | N96: Bot de 1.3 | O96: 4.3 | P96: No | Q96: No | R96: No | S96: No | T96: José Alexander Morales | U96: No | V96: No
A97: 1213 | B97: ISO + Calidad | C97: 05/10/2026 | D97: 10/10/2026 18:37 | E97: 1.2 Lista de cursos | F97: José Alexander Morales | G97: Sí | H97: Sí | I97: Sí | J97: 11 | K97: Sí | L97: No | M97: 1.4 Facilidades de pago | N97: José Alexander Morales | O97: 0.6 | P97: Sí | Q97: No | R97: No | S97: No | T97: José Alexander Morales | U97: Sí | V97: Sí
A98: 1216 | B98: Manufactura y Calidad | C98: 05/10/2026 | D98: 10/10/2026 19:00 | E98: 1.2 Lista de cursos | F98: José Alexander Morales | G98: Sí | H98: No | I98: Sí | J98: 1.9 | K98: Sí | L98: No | M98: Sigue en 1.3 | P98: No | Q98: No | R98: No | S98: No | T98: José Alexander Morales | U98: Sí
A99: 1151 | B99: ISO + Calidad | C99: 05/10/2026 | D99: 10/10/2026 20:32 | E99: 1.2 Lista de cursos | F99: José Alexander Morales | G99: Sí | H99: Sí | I99: No | K99: Sí | L99: No | M99: Negativo | N99: Bot de 1.3 | O99: 4.3 | P99: No | Q99: No | R99: No | S99: No | T99: José Alexander Morales | U99: No | V99: No
A100: 1234 | B100: ISO + Calidad | C100: 05/10/2026 | D100: 10/10/2026 20:45 | E100: 1.2 Lista de cursos | F100: José Alexander Morales | G100: Sí | H100: No | I100: Sí | J100: 11.8 | K100: Sí | L100: No | M100: Perdido | N100: Joceline Sarahi Benavides Serrano | O100: 131.9 | P100: No | Q100: No | R100: No | S100: No | T100: José Alexander Morales | U100: Sí
A101: 1233 | B101: ISO + Calidad | C101: 05/10/2026 | D101: 10/10/2026 20:48 | E101: 1.2 Lista de cursos | F101: José Alexander Morales | G101: Sí | H101: No | I101: Sí | J101: 8.1 | K101: Sí | L101: No | M101: Perdido | N101: José Alexander Morales | O101: 66.1 | P101: No | Q101: No | R101: No | S101: No | T101: José Alexander Morales | U101: Sí
...

Sheet Fuentes y método
B1: Fuentes y método
B2: De dónde salen los datos y cómo se definió cada cosa
B5: DEFINICIONES
B6: Pregunta del área | C6: Mensaje del bot de 1.2 Lista de cursos: "Solo una pregunta, ¿en qué área trabajas actualmente? o ¿estás estudiando?". Después el bot espera 2 horas y manda al lead al Negativo.
B7: Contestó a tiempo | C7: El cliente escribió después de la pregunta y antes de que el lead saliera de 1.2 (normalmente, antes de las 2 horas en que el bot lo manda al Negativo).
B8: Contestó tarde | C8: Escribió después de la pregunta, pero cuando el lead ya estaba en el Negativo u otra etapa.
B9: Audio | C9: Nota de voz mandada por una persona del equipo después de la respuesta del cliente. La plantilla "Excelente {{nombre}}! Te mando un audio rapidito…" se cuenta aparte.
B10: Movido a 1.3 | C10: Movimiento a la etapa 1.3 Llamadita y facilidades de pago registrado en el historial del lead después de la pregunta. Todos los movimientos a 1.3 del periodo fueron manuales.
B11: Bot de 1.3 | C11: Al entrar a 1.3: espera 5 min, manda "¿te hago una llamadita?", espera 10 min, manda "facilidades de pago", espera 4 h y manda al lead al Negativo. No se detiene si el cliente contesta.
B12: 1.4 o más | C12: 1.4 Facilidades de pago, cualquier medio de pago (una sola exhibición, parcialidades, MSI, transferencia, PayPal, tarjeta), STBY o Ganado.
B13: Venta | C13: Lead en Ganado o con un pago confirmado en el sistema de ventas ligado al cliente, sin cancelar, desde la fecha de la pregunta.
B14: Con 7 días o más | C14: La pregunta del área se mandó al menos 7 días antes del corte, para comparar grupos con el mismo tiempo de seguimiento.
B15: Franja horaria | C15: Hora de Reynosa (America/Matamoros) en que el cliente contestó.
B16: Minutos | C16: Tiempo real de reloj, incluidas noches y fines de semana.
B18: FUENTES DE DATOS
B19: Escrito en | C19: 'Base leads'!A4:Y1238 y 'Entradas a 1.3'!A4:V360
B20: Fuente | C20: CRM SyS, https://crm-web-production-3b33.up.railway.app
B21: Objeto | C21: GET /embudos, /conversaciones?embudo=…, /conversaciones/:id/movimientos, /conversaciones/:id/mensajes, /conversaciones/:id/tareas, /conversaciones/:id (compras), /etapas/:id/secuencia, /plantillas
B22: Cómo se obtuvo | C22: Lo corrió Claude con la sesión de Joceline Benavides (rol vendedor, eje Cursos), solo consultas de lectura; no se movió, contestó ni marcó como leída ninguna conversación.
B23: Pedido por | C23: Rosbel Salinas
B24: Parámetros | C24: Embudos ISO + Calidad, Core Tools Premium y Manufactura y Calidad; leads cuya pregunta del área o entrada a 1.3 fue del 5/10/2026 en adelante.
B25: Leído | C25: 27/10/2026 15:00 (hora de Reynosa)
B26: Renglones | C26: 1234 leads en Base leads y 356 entradas en Entradas a 1.3
B27: Cambios después de leer | C27: Se clasificó cada lead con reglas sobre sus mensajes y su historial de etapas (ver Definiciones). Se dejaron fuera nombres y teléfonos; cada lead se identifica con su número del CRM.
B28: Notas | C28: Joceline ve los leads del eje Cursos y los que aún no tienen eje: incluye todos los de estos 3 embudos. Un lead que hoy está en otro embudo no entra, aunque haya pasado por estos.
